生成启动时间为 2026/9/25 17:14:48。
日志记录详细程度设置为: Normal。
     1>项目“D:\Projects\renderdoc\renderdoc.sln”在节点 1 上(Rebuild 个目标)。
     1>ValidateSolutionConfiguration:
         正在生成解决方案配置“Development|x64”。
       ValidateProjects:
         在解决方案配置“Development|x64”中未选定生成项目“breakpad_common”。
         在解决方案配置“Development|x64”中未选定生成项目“crash_generation_client”。
         在解决方案配置“Development|x64”中未选定生成项目“crash_generation_server”。
         在解决方案配置“Development|x64”中未选定生成项目“exception_handler”。
     1>项目“D:\Projects\renderdoc\renderdoc.sln”(1)正在节点 2 上生成“D:\Projects\renderdoc\renderdoc\driver\shaders\dxbc\renderdoc_dxbc.vcxproj”(7) (Rebuild 个目标)。
     7>_PrepareForClean:
         正在删除文件“D:\Projects\renderdoc\x64\Development\obj\dxbc\dxbc.tlog\dxbc.lastbuildstate”。
     1>项目“D:\Projects\renderdoc\renderdoc.sln”(1)正在节点 8 上生成“D:\Projects\renderdoc\renderdoc\driver\shaders\spirv\renderdoc_spirv.vcxproj”(6) (Rebuild 个目标)。
     6>_PrepareForClean:
         正在删除文件“D:\Projects\renderdoc\x64\Development\obj\spirv\spirv.tlog\spirv.lastbuildstate”。
     1>项目“D:\Projects\renderdoc\renderdoc.sln”(1)正在节点 4 上生成“D:\Projects\renderdoc\renderdoc\driver\dxgi\renderdoc_dxgi.vcxproj”(4) (Rebuild 个目标)。
     4>_PrepareForClean:
         正在删除文件“D:\Projects\renderdoc\x64\Development\obj\dxgi\dxgi.tlog\dxgi.lastbuildstate”。
     1>项目“D:\Projects\renderdoc\renderdoc.sln”(1)正在节点 9 上生成“D:\Projects\renderdoc\renderdoc\driver\ihv\amd\AMD.vcxproj”(5) (Rebuild 个目标)。
     5>_PrepareForClean:
         正在删除文件“D:\Projects\renderdoc\x64\Development\obj\AMD\AMD.tlog\AMD.lastbuildstate”。
     1>项目“D:\Projects\renderdoc\renderdoc.sln”(1)正在节点 3 上生成“D:\Projects\renderdoc\renderdoc\driver\shaders\dxil\renderdoc_dxil.vcxproj”(8) (Rebuild 个目标)。
     8>_PrepareForClean:
         正在删除文件“D:\Projects\renderdoc\x64\Development\obj\dxil\dxil.tlog\dxil.lastbuildstate”。
     1>项目“D:\Projects\renderdoc\renderdoc.sln”(1)正在节点 1 上生成“D:\Projects\renderdoc\renderdoc\renderdoc.vcxproj.metaproj”(2) (Rebuild 个目标)。
     2>项目“D:\Projects\renderdoc\renderdoc\renderdoc.vcxproj.metaproj”(2)正在节点 1 上生成“D:\Projects\renderdoc\renderdoc\driver\ihv\nv\NV.vcxproj”(9) (Rebuild 个目标)。
     9>_PrepareForClean:
         正在删除文件“D:\Projects\renderdoc\x64\Development\obj\NV\NV.tlog\NV.lastbuildstate”。
     1>项目“D:\Projects\renderdoc\renderdoc.sln”(1)正在节点 12 上生成“D:\Projects\renderdoc\renderdoc\driver\d3d11\renderdoc_d3d11.vcxproj”(11) (Rebuild 个目标)。
    11>_PrepareForClean:
         正在删除文件“D:\Projects\renderdoc\x64\Development\obj\d3d11\d3d11.tlog\d3d11.lastbuildstate”。
     4>PrepareForBuild:
         已启用结构化输出。编译器诊断的格式设置将反映错误层次结构。有关详细信息，请参阅 https://aka.ms/cpp/structured-output。
       InitializeBuildStatus:
         正在创建“D:\Projects\renderdoc\x64\Development\obj\dxgi\dxgi.tlog\unsuccessfulbuild”，因为已指定“AlwaysCreate”。
         正在对“D:\Projects\renderdoc\x64\Development\obj\dxgi\dxgi.tlog\unsuccessfulbuild”执行 Touch 任务。
     1>项目“D:\Projects\renderdoc\renderdoc.sln”(1)正在节点 6 上生成“D:\Projects\renderdoc\renderdocshim\renderdocshim.vcxproj”(10) (Rebuild 个目标)。
    10>_PrepareForClean:
         正在删除文件“D:\Projects\renderdoc\x64\Development\obj\renderdicshim\renderdicshim.tlog\renderdicshim.lastbuildstate”。
     1>项目“D:\Projects\renderdoc\renderdoc.sln”(1)正在节点 1 上生成“D:\Projects\renderdoc\renderdoc\renderdoc_version.vcxproj”(12) (Rebuild 个目标)。
    12>_PrepareForClean:
         正在删除文件“D:\Projects\renderdoc\x64\Development\obj\version\version.tlog\version.lastbuildstate”。
     1>项目“D:\Projects\renderdoc\renderdoc.sln”(1)正在节点 5 上生成“D:\Projects\renderdoc\renderdoc\driver\vulkan\renderdoc_vulkan.vcxproj”(14) (Rebuild 个目标)。
    14>_PrepareForClean:
         正在删除文件“D:\Projects\renderdoc\x64\Development\obj\vulkan\vulkan.tlog\vulkan.lastbuildstate”。
     1>项目“D:\Projects\renderdoc\renderdoc.sln”(1)正在节点 2 上生成“D:\Projects\renderdoc\qrenderdoc\Code\pyrenderdoc\pyrenderdoc_module.vcxproj”(17) (Rebuild 个目标)。
    17>_PrepareForClean:
         正在删除文件“D:\Projects\renderdoc\x64\Development\obj\pyrenderdoc_module\pyrender.A8998B2D.tlog\pyrenderdoc_module.lastbuildstate”。
     1>项目“D:\Projects\renderdoc\renderdoc.sln”(1)正在节点 7 上生成“D:\Projects\renderdoc\qrenderdoc\qrenderdoc_local.vcxproj”(18) (Rebuild 个目标)。
    18>_PrepareForClean:
         正在删除文件“D:\Projects\renderdoc\x64\Development\obj\qrenderdic\qrenderdic.tlog\qrenderdic.lastbuildstate”。
       CoreClean:
         正在删除文件“D:\Projects\renderdoc\x64\Development\d3dcompiler_47.dll”。
         正在删除文件“D:\Projects\renderdoc\x64\Development\python36.zip”。
         正在删除文件“D:\Projects\renderdoc\x64\Development\_ctypes.pyd”。
         正在删除文件“D:\Projects\renderdoc\x64\Development\python36.dll”。
         正在删除文件“D:\Projects\renderdoc\x64\Development\qtplugins\platforms\qwindows.dll”。
         正在删除文件“D:\Projects\renderdoc\x64\Development\qtplugins\imageformats\qsvg.dll”。
         正在删除文件“D:\Projects\renderdoc\x64\Development\Qt5Core.dll”。
         正在删除文件“D:\Projects\renderdoc\x64\Development\Qt5Gui.dll”。
         正在删除文件“D:\Projects\renderdoc\x64\Development\Qt5Widgets.dll”。
         正在删除文件“D:\Projects\renderdoc\x64\Development\Qt5Svg.dll”。
         正在删除文件“D:\Projects\renderdoc\x64\Development\Qt5Network.dll”。
     1>项目“D:\Projects\renderdoc\renderdoc.sln”(1)正在节点 10 上生成“D:\Projects\renderdoc\renderdoc\driver\gl\renderdoc_gl.vcxproj”(15) (Rebuild 个目标)。
    15>_PrepareForClean:
         正在删除文件“D:\Projects\renderdoc\x64\Development\obj\gl\gl.tlog\gl.lastbuildstate”。
     1>项目“D:\Projects\renderdoc\renderdoc.sln”(1)正在节点 11 上生成“D:\Projects\renderdoc\renderdoc\driver\d3d12\renderdoc_d3d12.vcxproj”(16) (Rebuild 个目标)。
    16>_PrepareForClean:
         正在删除文件“D:\Projects\renderdoc\x64\Development\obj\d3d12\d3d12.tlog\d3d12.lastbuildstate”。
     8>PrepareForBuild:
         已启用结构化输出。编译器诊断的格式设置将反映错误层次结构。有关详细信息，请参阅 https://aka.ms/cpp/structured-output。
       InitializeBuildStatus:
         正在创建“D:\Projects\renderdoc\x64\Development\obj\dxil\dxil.tlog\unsuccessfulbuild”，因为已指定“AlwaysCreate”。
         正在对“D:\Projects\renderdoc\x64\Development\obj\dxil\dxil.tlog\unsuccessfulbuild”执行 Touch 任务。
     1>项目“D:\Projects\renderdoc\renderdoc.sln”(1)正在节点 9 上生成“D:\Projects\renderdoc\qrenderdoc\Code\pyrenderdoc\qrenderdoc_module.vcxproj”(13) (Rebuild 个目标)。
    13>_PrepareForClean:
         正在删除文件“D:\Projects\renderdoc\x64\Development\obj\qrenderdoc_module\qrenderd.61157930.tlog\qrenderdoc_module.lastbuildstate”。
       CoreClean:
         正在删除文件“D:\Projects\renderdoc\x64\Development\pymodules\d3dcompiler_47.dll”。
    11>项目“D:\Projects\renderdoc\renderdoc\driver\d3d11\renderdoc_d3d11.vcxproj”(11)正在节点 12 上生成“D:\Projects\renderdoc\renderdoc\driver\ihv\intel\Intel.vcxproj”(19) (Clean 个目标)。
    19>_PrepareForClean:
         正在删除文件“D:\Projects\renderdoc\x64\Development\obj\Intel\Intel.tlog\Intel.lastbuildstate”。
     1>项目“D:\Projects\renderdoc\renderdoc.sln”(1)正在节点 5 上生成“D:\Projects\renderdoc\qrenderdoc\renderdocui_stub.vcxproj”(20) (Rebuild 个目标)。
    20>_PrepareForClean:
         正在删除文件“D:\Projects\renderdoc\x64\Development\obj\renderdicui_stub\renderdicui_stub.tlog\renderdicui_stub.lastbuildstate”。
     6>PrepareForBuild:
         已启用结构化输出。编译器诊断的格式设置将反映错误层次结构。有关详细信息，请参阅 https://aka.ms/cpp/structured-output。
       InitializeBuildStatus:
         正在创建“D:\Projects\renderdoc\x64\Development\obj\spirv\spirv.tlog\unsuccessfulbuild”，因为已指定“AlwaysCreate”。
         正在对“D:\Projects\renderdoc\x64\Development\obj\spirv\spirv.tlog\unsuccessfulbuild”执行 Touch 任务。
    18>项目“D:\Projects\renderdoc\qrenderdoc\qrenderdoc_local.vcxproj”(18)正在节点 7 上生成“D:\Projects\renderdoc\renderdoc\renderdoc.vcxproj”(21) (Clean 个目标)。
    21>_PrepareForClean:
         正在删除文件“D:\Projects\renderdoc\x64\Development\obj\renderdic\renderdic.tlog\renderdic.lastbuildstate”。
    10>PrepareForBuild:
         已启用结构化输出。编译器诊断的格式设置将反映错误层次结构。有关详细信息，请参阅 https://aka.ms/cpp/structured-output。
    19>已完成生成项目“D:\Projects\renderdoc\renderdoc\driver\ihv\intel\Intel.vcxproj”(Clean 个目标)的操作。
    10>InitializeBuildStatus:
         正在创建“D:\Projects\renderdoc\x64\Development\obj\renderdicshim\renderdicshim.tlog\unsuccessfulbuild”，因为已指定“AlwaysCreate”。
         正在对“D:\Projects\renderdoc\x64\Development\obj\renderdicshim\renderdicshim.tlog\unsuccessfulbuild”执行 Touch 任务。
     1>项目“D:\Projects\renderdoc\renderdoc.sln”(1)正在节点 10 上生成“D:\Projects\renderdoc\renderdoc\driver\ihv\arm\ARM.vcxproj”(22) (Rebuild 个目标)。
    22>_PrepareForClean:
         正在删除文件“D:\Projects\renderdoc\x64\Development\obj\ARM\ARM.tlog\ARM.lastbuildstate”。
     4>ClCompile:
         D:\Program Files\Microsoft VisualStudio\VisualStudio 2026\VC\Tools\MSVC\14.50.35717\bin\HostX86\x64\CL.exe /c /ID:\Projects\renderdoc\renderdoc\ /ID:\Projects\renderdoc\renderdoc\3rdparty\ /Zi /JMC /nologo /W4 /WX /diagnostics:column /MP /Od /D RENDERDOC_EXPORTS /D RENDERDOC_PLATFORM_WIN32 /D WIN32 /D NDEBUG /D _WINDOWS /D _USRDLL /D WIN64 /D _UNICODE /D UNICODE /Gm- /EHsc /MD /GS- /fp:precise /Zc:wchar_t /Zc:forScope /Zc:inline /GR- /Yc"precompiled.h" /Fp"D:\Projects\renderdoc\x64\Development\obj\dxgi\driver_dxgi.pch" /Fo"D:\Projects\renderdoc\x64\Development\obj\dxgi\\" /Fd"D:\Projects\renderdoc\x64\Development\driver_dxgi.pdb" /external:W4 /Gd /TP /wd4100 /FIprecompiled.h /FC /errorReport:queue /w44062 /w44840 /experimental:deterministic /pathmap:"D:\Projects\renderdoc\renderdoc"=R:\RenderDicSrc\core /pathmap:"D:\Projects\renderdoc\qrenderdoc"=R:\RenderDicSrc\ui /pathmap:"D:\Projects\renderdoc\renderdoccmd"=R:\RenderDicSrc\cmd /pathmap:"D:\Projects\renderdoc\renderdocshim"=R:\RenderDicSrc\shim /pathmap:"D:\Projects\renderdoc"=R:\RenderDicSrc precompiled.cpp
    20>PrepareForBuild:
         已启用结构化输出。编译器诊断的格式设置将反映错误层次结构。有关详细信息，请参阅 https://aka.ms/cpp/structured-output。
       InitializeBuildStatus:
         正在创建“D:\Projects\renderdoc\x64\Development\obj\renderdicui_stub\renderdicui_stub.tlog\unsuccessfulbuild”，因为已指定“AlwaysCreate”。
         正在对“D:\Projects\renderdoc\x64\Development\obj\renderdicui_stub\renderdicui_stub.tlog\unsuccessfulbuild”执行 Touch 任务。
     1>项目“D:\Projects\renderdoc\renderdoc.sln”(1)正在节点 12 上生成“D:\Projects\renderdoc\renderdoc\driver\ihv\intel\Intel.vcxproj”(19:2) (Rebuild 个目标)。
    19>PrepareForBuild:
         已启用结构化输出。编译器诊断的格式设置将反映错误层次结构。有关详细信息，请参阅 https://aka.ms/cpp/structured-output。
    10>ClCompile:
         D:\Program Files\Microsoft VisualStudio\VisualStudio 2026\VC\Tools\MSVC\14.50.35717\bin\HostX86\x64\CL.exe /c /Zi /JMC /nologo /W3 /WX- /diagnostics:column /Od /Oi /D WIN32 /D WIN64 /D _DEBUG /D _WINDOWS /D _USRDLL /D _WINDLL /D _UNICODE /D UNICODE /Gm- /MT /GS- /fp:precise /Zc:wchar_t /Zc:forScope /Zc:inline /Fo"D:\Projects\renderdoc\x64\Development\obj\renderdicshim\\" /Fd"D:\Projects\renderdoc\x64\Development\obj\renderdicshim\vc145.pdb" /external:W3 /Gd /TP /FC /errorReport:queue /experimental:deterministic /pathmap:"D:\Projects\renderdoc\renderdoc"=R:\RenderDicSrc\core /pathmap:"D:\Projects\renderdoc\qrenderdoc"=R:\RenderDicSrc\ui /pathmap:"D:\Projects\renderdoc\renderdoccmd"=R:\RenderDicSrc\cmd /pathmap:"D:\Projects\renderdoc\renderdocshim"=R:\RenderDicSrc\shim /pathmap:"D:\Projects\renderdoc"=R:\RenderDicSrc renderdocshim.cpp
    19>InitializeBuildStatus:
         正在创建“D:\Projects\renderdoc\x64\Development\obj\Intel\Intel.tlog\unsuccessfulbuild”，因为已指定“AlwaysCreate”。
         正在对“D:\Projects\renderdoc\x64\Development\obj\Intel\Intel.tlog\unsuccessfulbuild”执行 Touch 任务。
     6>ClCompile:
         D:\Program Files\Microsoft VisualStudio\VisualStudio 2026\VC\Tools\MSVC\14.50.35717\bin\HostX86\x64\CL.exe /c /ID:\Projects\renderdoc\renderdoc\ /ID:\Projects\renderdoc\renderdoc\3rdparty\ /ID:\Projects\renderdoc\renderdoc\3rdparty\glslang\ /Zi /JMC /nologo /W4 /WX /diagnostics:column /MP /Od /D AMD_EXTENSIONS /D NV_EXTENSIONS /D GLSLANG_OSINCLUDE_WIN32 /D RENDERDOC_EXPORTS /D RENDERDOC_PLATFORM_WIN32 /D WIN32 /D NDEBUG /D _WINDOWS /D _USRDLL /D WIN64 /D _UNICODE /D UNICODE /Gm- /EHsc /MD /GS- /fp:precise /Zc:wchar_t /Zc:forScope /Zc:inline /GR- /Yc"precompiled.h" /Fp"D:\Projects\renderdoc\x64\Development\obj\spirv\driver_spirv.pch" /Fo"D:\Projects\renderdoc\x64\Development\obj\spirv\\" /Fd"D:\Projects\renderdoc\x64\Development\driver_spirv.pdb" /external:W4 /Gd /TP /wd4100 /wd4267 /wd5030 /wd4065 /FIprecompiled.h /FC /errorReport:queue /w44062 /w44840 /experimental:deterministic /pathmap:"D:\Projects\renderdoc\renderdoc"=R:\RenderDicSrc\core /pathmap:"D:\Projects\renderdoc\qrenderdoc"=R:\RenderDicSrc\ui /pathmap:"D:\Projects\renderdoc\renderdoccmd"=R:\RenderDicSrc\cmd /pathmap:"D:\Projects\renderdoc\renderdocshim"=R:\RenderDicSrc\shim /pathmap:"D:\Projects\renderdoc"=R:\RenderDicSrc precompiled.cpp
     8>ClCompile:
         D:\Program Files\Microsoft VisualStudio\VisualStudio 2026\VC\Tools\MSVC\14.50.35717\bin\HostX86\x64\CL.exe /c /ID:\Projects\renderdoc\renderdoc\ /ID:\Projects\renderdoc\renderdoc\3rdparty\ /Zi /JMC /nologo /W4 /WX /diagnostics:column /MP /Od /D RENDERDOC_EXPORTS /D RENDERDOC_PLATFORM_WIN32 /D WIN32 /D NDEBUG /D _WINDOWS /D _USRDLL /D WIN64 /D _UNICODE /D UNICODE /Gm- /EHsc /MD /GS- /fp:precise /Zc:wchar_t /Zc:forScope /Zc:inline /GR- /Yc"precompiled.h" /Fp"D:\Projects\renderdoc\x64\Development\obj\dxil\driver_dxil.pch" /Fo"D:\Projects\renderdoc\x64\Development\obj\dxil\\" /Fd"D:\Projects\renderdoc\x64\Development\driver_dxil.pdb" /external:W4 /Gd /TP /wd4100 /FIprecompiled.h /FC /errorReport:queue /w44062 /w44840 /experimental:deterministic /pathmap:"D:\Projects\renderdoc\renderdoc"=R:\RenderDicSrc\core /pathmap:"D:\Projects\renderdoc\qrenderdoc"=R:\RenderDicSrc\ui /pathmap:"D:\Projects\renderdoc\renderdoccmd"=R:\RenderDicSrc\cmd /pathmap:"D:\Projects\renderdoc\renderdocshim"=R:\RenderDicSrc\shim /pathmap:"D:\Projects\renderdoc"=R:\RenderDicSrc precompiled.cpp
    22>PrepareForBuild:
         已启用结构化输出。编译器诊断的格式设置将反映错误层次结构。有关详细信息，请参阅 https://aka.ms/cpp/structured-output。
       InitializeBuildStatus:
         正在创建“D:\Projects\renderdoc\x64\Development\obj\ARM\ARM.tlog\unsuccessfulbuild”，因为已指定“AlwaysCreate”。
         正在对“D:\Projects\renderdoc\x64\Development\obj\ARM\ARM.tlog\unsuccessfulbuild”执行 Touch 任务。
    20>ClCompile:
         D:\Program Files\Microsoft VisualStudio\VisualStudio 2026\VC\Tools\MSVC\14.50.35717\bin\HostX86\x64\CL.exe /c /Zi /JMC /nologo /W3 /WX- /diagnostics:column /O2 /Oi /D WIN32 /D NDEBUG /D _WINDOWS /D _UNICODE /D UNICODE /Gm- /EHsc /MD /GS /Gy /fp:precise /Zc:wchar_t /Zc:forScope /Zc:inline /Fo"D:\Projects\renderdoc\x64\Development\obj\renderdicui_stub\\" /Fd"D:\Projects\renderdoc\x64\Development\obj\renderdicui_stub\vc145.pdb" /external:W3 /Gd /TP /FC /errorReport:queue /experimental:deterministic /pathmap:"D:\Projects\renderdoc\renderdoc"=R:\RenderDicSrc\core /pathmap:"D:\Projects\renderdoc\qrenderdoc"=R:\RenderDicSrc\ui /pathmap:"D:\Projects\renderdoc\renderdoccmd"=R:\RenderDicSrc\cmd /pathmap:"D:\Projects\renderdoc\renderdocshim"=R:\RenderDicSrc\shim /pathmap:"D:\Projects\renderdoc"=R:\RenderDicSrc renderdocui_stub.cpp
    19>ClCompile:
         D:\Program Files\Microsoft VisualStudio\VisualStudio 2026\VC\Tools\MSVC\14.50.35717\bin\HostX86\x64\CL.exe /c /ID:\Projects\renderdoc\renderdoc\ /ID:\Projects\renderdoc\renderdoc\3rdparty\ /Zi /JMC /nologo /W4 /WX /diagnostics:column /MP /Od /D RENDERDOC_EXPORTS /D RENDERDOC_PLATFORM_WIN32 /D WIN32 /D NDEBUG /D _WINDOWS /D _USRDLL /D WIN64 /D _UNICODE /D UNICODE /Gm- /EHsc /RTC1 /MD /GS /fp:precise /Zc:wchar_t /Zc:forScope /Zc:inline /GR- /Fo"D:\Projects\renderdoc\x64\Development\obj\Intel\\" /Fd"D:\Projects\renderdoc\x64\Development\driver_Intel.pdb" /external:W4 /Gd /TP /wd4100 /FC /errorReport:queue /w44062 /w44840 /experimental:deterministic /pathmap:"D:\Projects\renderdoc\renderdoc"=R:\RenderDicSrc\core /pathmap:"D:\Projects\renderdoc\qrenderdoc"=R:\RenderDicSrc\ui /pathmap:"D:\Projects\renderdoc\renderdoccmd"=R:\RenderDicSrc\cmd /pathmap:"D:\Projects\renderdoc\renderdocshim"=R:\RenderDicSrc\shim /pathmap:"D:\Projects\renderdoc"=R:\RenderDicSrc intel_counters.cpp intel_gl_counters.cpp
    22>ClCompile:
         D:\Program Files\Microsoft VisualStudio\VisualStudio 2026\VC\Tools\MSVC\14.50.35717\bin\HostX86\x64\CL.exe /c /ID:\Projects\renderdoc\renderdoc\ /ID:\Projects\renderdoc\renderdoc\3rdparty\ /Zi /JMC /nologo /W4 /WX /diagnostics:column /MP /Od /D RENDERDOC_EXPORTS /D RENDERDOC_PLATFORM_WIN32 /D WIN32 /D NDEBUG /D _WINDOWS /D _USRDLL /D WIN64 /D _UNICODE /D UNICODE /Gm- /EHsc /RTC1 /MD /GS /fp:precise /Zc:wchar_t /Zc:forScope /Zc:inline /GR- /Fo"D:\Projects\renderdoc\x64\Development\obj\ARM\\" /Fd"D:\Projects\renderdoc\x64\Development\driver_ARM.pdb" /external:W4 /Gd /TP /wd4100 /FC /errorReport:queue /w44062 /w44840 /experimental:deterministic /pathmap:"D:\Projects\renderdoc\renderdoc"=R:\RenderDicSrc\core /pathmap:"D:\Projects\renderdoc\qrenderdoc"=R:\RenderDicSrc\ui /pathmap:"D:\Projects\renderdoc\renderdoccmd"=R:\RenderDicSrc\cmd /pathmap:"D:\Projects\renderdoc\renderdocshim"=R:\RenderDicSrc\shim /pathmap:"D:\Projects\renderdoc"=R:\RenderDicSrc arm_counters_stub.cpp
    12>RunTaskManual:
         Read Git commit: '78591f3f24df28e3b2e60c63742f82cc3626c916'
       PrepareForBuild:
         已启用结构化输出。编译器诊断的格式设置将反映错误层次结构。有关详细信息，请参阅 https://aka.ms/cpp/structured-output。
       InitializeBuildStatus:
         正在创建“D:\Projects\renderdoc\x64\Development\obj\version\version.tlog\unsuccessfulbuild”，因为已指定“AlwaysCreate”。
         正在对“D:\Projects\renderdoc\x64\Development\obj\version\version.tlog\unsuccessfulbuild”执行 Touch 任务。
       ClCompile:
         D:\Program Files\Microsoft VisualStudio\VisualStudio 2026\VC\Tools\MSVC\14.50.35717\bin\HostX86\x64\CL.exe /c /Zi /nologo /W3 /WX- /diagnostics:column /Od /D "GIT_COMMIT_HASH=\"78591f3f24df28e3b2e60c63742f82cc3626c916\"" /D WIN64 /D _UNICODE /D UNICODE /Gm- /EHsc /MD /GS /fp:precise /Zc:wchar_t /Zc:forScope /Zc:inline /Fo"D:\Projects\renderdoc\x64\Development\obj\version\\" /Fd"D:\Projects\renderdoc\x64\Development\version.pdb" /external:W3 /Gd /TP /FC /errorReport:queue /experimental:deterministic /pathmap:"D:\Projects\renderdoc\renderdoc"=R:\RenderDicSrc\core /pathmap:"D:\Projects\renderdoc\qrenderdoc"=R:\RenderDicSrc\ui /pathmap:"D:\Projects\renderdoc\renderdoccmd"=R:\RenderDicSrc\cmd /pathmap:"D:\Projects\renderdoc\renderdocshim"=R:\RenderDicSrc\shim /pathmap:"D:\Projects\renderdoc"=R:\RenderDicSrc replay\version.cpp
    22>ClCompile:
         arm_counters_stub.cpp
     6>ClCompile:
         precompiled.cpp
     4>ClCompile:
         precompiled.cpp
    20>ClCompile:
         renderdocui_stub.cpp
     8>ClCompile:
         precompiled.cpp
    12>ClCompile:
         version.cpp
    19>ClCompile:
         intel_counters.cpp
         intel_gl_counters.cpp
    10>ClCompile:
         renderdocshim.cpp
    12>Lib:
         D:\Program Files\Microsoft VisualStudio\VisualStudio 2026\VC\Tools\MSVC\14.50.35717\bin\HostX86\x64\Lib.exe /OUT:"D:\Projects\renderdoc\x64\Development\version.lib" /NOLOGO /MACHINE:X64 D:\Projects\renderdoc\x64\Development\obj\version\version.obj
    22>Lib:
         D:\Program Files\Microsoft VisualStudio\VisualStudio 2026\VC\Tools\MSVC\14.50.35717\bin\HostX86\x64\Lib.exe /OUT:"D:\Projects\renderdoc\x64\Development\driver_ARM.lib" /NOLOGO /MACHINE:X64 D:\Projects\renderdoc\x64\Development\obj\ARM\arm_counters_stub.obj
    20>ResourceCompile:
         D:\Windows Kits\10\bin\10.0.28000.0\x86\rc.exe /D _UNICODE /D UNICODE /l"0x0409" /ID:\Projects\renderdoc\renderdoc\api\replay /nologo /fo"D:\Projects\renderdoc\x64\Development\obj\renderdicui_stub\renderdoccmd.res" ..\renderdoccmd\renderdoccmd.rc 
    10>Link:
         D:\Program Files\Microsoft VisualStudio\VisualStudio 2026\VC\Tools\MSVC\14.50.35717\bin\HostX86\x64\link.exe /ERRORREPORT:QUEUE /OUT:"D:\Projects\renderdoc\x64\Development\renderdicshim64.dll" /INCREMENTAL /ILK:"D:\Projects\renderdoc\x64\Development\obj\renderdicshim\renderdicshim64.ilk" /NOLOGO kernel32.lib user32.lib /NODEFAULTLIB /MANIFEST /MANIFESTUAC:"level='asInvoker' uiAccess='false'" /manifest:embed /DEBUG /PDB:"D:\Projects\renderdoc\x64\Development\renderdicshim64.pdb" /SUBSYSTEM:WINDOWS /LTCGOUT:"D:\Projects\renderdoc\x64\Development\obj\renderdicshim\renderdicshim64.iobj" /TLBID:1 /ENTRY:"dll_entry" /DYNAMICBASE /NXCOMPAT /IMPLIB:"D:\Projects\renderdoc\x64\Development\renderdicshim64.lib" /MACHINE:X64 /PDBALTPATH:%_PDB% /DLL D:\Projects\renderdoc\x64\Development\obj\renderdicshim\renderdocshim.obj
     6>ClCompile:
         D:\Program Files\Microsoft VisualStudio\VisualStudio 2026\VC\Tools\MSVC\14.50.35717\bin\HostX86\x64\CL.exe /c /ID:\Projects\renderdoc\renderdoc\ /ID:\Projects\renderdoc\renderdoc\3rdparty\ /ID:\Projects\renderdoc\renderdoc\3rdparty\glslang\ /Zi /JMC /nologo /W3 /WX /diagnostics:column /MP /Od /D AMD_EXTENSIONS /D NV_EXTENSIONS /D GLSLANG_OSINCLUDE_WIN32 /D RENDERDOC_EXPORTS /D RENDERDOC_PLATFORM_WIN32 /D WIN32 /D NDEBUG /D _WINDOWS /D _USRDLL /D WIN64 /D _UNICODE /D UNICODE /Gm- /EHsc /MD /GS- /fp:precise /Zc:wchar_t /Zc:forScope /Zc:inline /GR- /Fo"D:\Projects\renderdoc\x64\Development\obj\spirv\\" /Fd"D:\Projects\renderdoc\x64\Development\driver_spirv.pdb" /external:W3 /Gd /TP /wd4100 /wd4267 /wd5030 /wd4065 /FC /errorReport:queue /w44062 /w44840 /experimental:deterministic /pathmap:"D:\Projects\renderdoc\renderdoc"=R:\RenderDicSrc\core /pathmap:"D:\Projects\renderdoc\qrenderdoc"=R:\RenderDicSrc\ui /pathmap:"D:\Projects\renderdoc\renderdoccmd"=R:\RenderDicSrc\cmd /pathmap:"D:\Projects\renderdoc\renderdocshim"=R:\RenderDicSrc\shim /pathmap:"D:\Projects\renderdoc"=R:\RenderDicSrc ..\..\..\3rdparty\glslang\glslang\GenericCodeGen\CodeGen.cpp ..\..\..\3rdparty\glslang\glslang\GenericCodeGen\Link.cpp ..\..\..\3rdparty\glslang\glslang\MachineIndependent\Constant.cpp ..\..\..\3rdparty\glslang\glslang\MachineIndependent\glslang_tab.cpp ..\..\..\3rdparty\glslang\glslang\MachineIndependent\InfoSink.cpp ..\..\..\3rdparty\glslang\glslang\MachineIndependent\Initialize.cpp ..\..\..\3rdparty\glslang\glslang\MachineIndependent\Intermediate.cpp ..\..\..\3rdparty\glslang\glslang\MachineIndependent\intermOut.cpp ..\..\..\3rdparty\glslang\glslang\MachineIndependent\IntermTraverse.cpp ..\..\..\3rdparty\glslang\glslang\MachineIndependent\iomapper.cpp ..\..\..\3rdparty\glslang\glslang\MachineIndependent\attribute.cpp ..\..\..\3rdparty\glslang\glslang\MachineIndependent\limits.cpp ..\..\..\3rdparty\glslang\glslang\MachineIndependent\linkValidate.cpp ..\..\..\3rdparty\glslang\glslang\MachineIndependent\parseConst.cpp ..\..\..\3rdparty\glslang\glslang\MachineIndependent\ParseContextBase.cpp ..\..\..\3rdparty\glslang\glslang\MachineIndependent\ParseHelper.cpp ..\..\..\3rdparty\glslang\glslang\MachineIndependent\PoolAlloc.cpp ..\..\..\3rdparty\glslang\glslang\MachineIndependent\preprocessor\Pp.cpp ..\..\..\3rdparty\glslang\glslang\MachineIndependent\preprocessor\PpAtom.cpp ..\..\..\3rdparty\glslang\glslang\MachineIndependent\preprocessor\PpContext.cpp ..\..\..\3rdparty\glslang\glslang\MachineIndependent\preprocessor\PpScanner.cpp ..\..\..\3rdparty\glslang\glslang\MachineIndependent\preprocessor\PpTokens.cpp ..\..\..\3rdparty\glslang\glslang\MachineIndependent\propagateNoContraction.cpp ..\..\..\3rdparty\glslang\glslang\MachineIndependent\reflection.cpp ..\..\..\3rdparty\glslang\glslang\MachineIndependent\RemoveTree.cpp ..\..\..\3rdparty\glslang\glslang\MachineIndependent\Scan.cpp ..\..\..\3rdparty\glslang\glslang\MachineIndependent\ShaderLang.cpp ..\..\..\3rdparty\glslang\glslang\MachineIndependent\SpirvIntrinsics.cpp ..\..\..\3rdparty\glslang\glslang\MachineIndependent\SymbolTable.cpp ..\..\..\3rdparty\glslang\glslang\MachineIndependent\Versions.cpp ..\..\..\3rdparty\glslang\glslang\ResourceLimits\ResourceLimits.cpp ..\..\..\3rdparty\glslang\glslang\OSDependent\Windows\ossource.cpp ..\..\..\3rdparty\glslang\SPIRV\GlslangToSpv.cpp ..\..\..\3rdparty\glslang\SPIRV\InReadableOrder.cpp ..\..\..\3rdparty\glslang\SPIRV\Logger.cpp ..\..\..\3rdparty\glslang\SPIRV\SpvBuilder.cpp ..\..\..\3rdparty\glslang\SPIRV\SpvPostProcess.cpp ..\..\..\3rdparty\glslang\SPIRV\SpvTools.cpp glslang_compile.cpp
     8>ClCompile:
         D:\Program Files\Microsoft VisualStudio\VisualStudio 2026\VC\Tools\MSVC\14.50.35717\bin\HostX86\x64\CL.exe /c /ID:\Projects\renderdoc\renderdoc\ /ID:\Projects\renderdoc\renderdoc\3rdparty\ /Zi /JMC /nologo /W4 /WX /diagnostics:column /MP /Od /D RENDERDOC_EXPORTS /D RENDERDOC_PLATFORM_WIN32 /D WIN32 /D NDEBUG /D _WINDOWS /D _USRDLL /D WIN64 /D _UNICODE /D UNICODE /Gm- /EHsc /MD /GS- /fp:precise /Zc:wchar_t /Zc:forScope /Zc:inline /GR- /Yu"precompiled.h" /Fp"D:\Projects\renderdoc\x64\Development\obj\dxil\driver_dxil.pch" /Fo"D:\Projects\renderdoc\x64\Development\obj\dxil\\" /Fd"D:\Projects\renderdoc\x64\Development\driver_dxil.pdb" /external:W4 /Gd /TP /wd4100 /FIprecompiled.h /FC /errorReport:queue /w44062 /w44840 /experimental:deterministic /pathmap:"D:\Projects\renderdoc\renderdoc"=R:\RenderDicSrc\core /pathmap:"D:\Projects\renderdoc\qrenderdoc"=R:\RenderDicSrc\ui /pathmap:"D:\Projects\renderdoc\renderdoccmd"=R:\RenderDicSrc\cmd /pathmap:"D:\Projects\renderdoc\renderdocshim"=R:\RenderDicSrc\shim /pathmap:"D:\Projects\renderdoc"=R:\RenderDicSrc dxil_bytecode.cpp dxil_bytecode_editor.cpp dxil_common.cpp dxil_controlflow.cpp dxil_debug.cpp dxil_debuginfo.cpp dxil_disassemble.cpp dxil_metadata.cpp dxil_reflect.cpp dxil_stringise.cpp llvm_decoder.cpp llvm_encoder.cpp
    20>Link:
         D:\Program Files\Microsoft VisualStudio\VisualStudio 2026\VC\Tools\MSVC\14.50.35717\bin\HostX86\x64\link.exe /ERRORREPORT:QUEUE /OUT:"D:\Projects\renderdoc\x64\Development\\renderdicui.exe" /INCREMENTAL:NO /NOLOGO kernel32.lib user32.lib gdi32.lib winspool.lib comdlg32.lib advapi32.lib shell32.lib ole32.lib oleaut32.lib uuid.lib odbc32.lib odbccp32.lib /MANIFEST /MANIFESTUAC:"level='asInvoker' uiAccess='false'" /manifest:embed /DEBUG /PDB:"D:\Projects\renderdoc\x64\Development\\renderdicui.pdb" /SUBSYSTEM:WINDOWS /OPT:REF /OPT:ICF /TLBID:1 /DYNAMICBASE /NXCOMPAT /IMPLIB:"D:\Projects\renderdoc\x64\Development\\renderdicui.lib" /MACHINE:X64 /PDBALTPATH:%_PDB% D:\Projects\renderdoc\x64\Development\obj\renderdicui_stub\renderdoccmd.res
         D:\Projects\renderdoc\x64\Development\obj\renderdicui_stub\renderdocui_stub.obj
     8>ClCompile:
         dxil_bytecode.cpp
         dxil_bytecode_editor.cpp
         dxil_common.cpp
     6>ClCompile:
         CodeGen.cpp
         Link.cpp
     8>ClCompile:
         dxil_controlflow.cpp
         dxil_debug.cpp
     6>ClCompile:
         Constant.cpp
     8>ClCompile:
         dxil_debuginfo.cpp
     6>ClCompile:
         glslang_tab.cpp
         InfoSink.cpp
     8>ClCompile:
         dxil_disassemble.cpp
     6>ClCompile:
         Initialize.cpp
     8>ClCompile:
         dxil_metadata.cpp
     6>ClCompile:
         Intermediate.cpp
         intermOut.cpp
         IntermTraverse.cpp
     8>ClCompile:
         dxil_reflect.cpp
         dxil_stringise.cpp
         llvm_decoder.cpp
         llvm_encoder.cpp
     6>ClCompile:
         iomapper.cpp
         attribute.cpp
         limits.cpp
     4>ClCompile:
         D:\Program Files\Microsoft VisualStudio\VisualStudio 2026\VC\Tools\MSVC\14.50.35717\bin\HostX86\x64\CL.exe /c /ID:\Projects\renderdoc\renderdoc\ /ID:\Projects\renderdoc\renderdoc\3rdparty\ /Zi /JMC /nologo /W4 /WX /diagnostics:column /MP /Od /D RENDERDOC_EXPORTS /D RENDERDOC_PLATFORM_WIN32 /D WIN32 /D NDEBUG /D _WINDOWS /D _USRDLL /D WIN64 /D _UNICODE /D UNICODE /Gm- /EHsc /MD /GS- /fp:precise /Zc:wchar_t /Zc:forScope /Zc:inline /GR- /Yu"precompiled.h" /Fp"D:\Projects\renderdoc\x64\Development\obj\dxgi\driver_dxgi.pch" /Fo"D:\Projects\renderdoc\x64\Development\obj\dxgi\\" /Fd"D:\Projects\renderdoc\x64\Development\driver_dxgi.pdb" /external:W4 /Gd /TP /wd4100 /FIprecompiled.h /FC /errorReport:queue /w44062 /w44840 /experimental:deterministic /pathmap:"D:\Projects\renderdoc\renderdoc"=R:\RenderDicSrc\core /pathmap:"D:\Projects\renderdoc\qrenderdoc"=R:\RenderDicSrc\ui /pathmap:"D:\Projects\renderdoc\renderdoccmd"=R:\RenderDicSrc\cmd /pathmap:"D:\Projects\renderdoc\renderdocshim"=R:\RenderDicSrc\shim /pathmap:"D:\Projects\renderdoc"=R:\RenderDicSrc dxgi_common.cpp dxgi_hooks.cpp dxgi_stringise.cpp dxgi_wrapped.cpp
     6>ClCompile:
         linkValidate.cpp
    12>Lib:
         renderdoc_version.vcxproj -> D:\Projects\renderdoc\x64\Development\version.lib
       FinalizeBuildStatus:
         正在删除文件“D:\Projects\renderdoc\x64\Development\obj\version\version.tlog\unsuccessfulbuild”。
     6>ClCompile:
         parseConst.cpp
    12>FinalizeBuildStatus:
         正在对“D:\Projects\renderdoc\x64\Development\obj\version\version.tlog\version.lastbuildstate”执行 Touch 任务。
    12>已完成生成项目“D:\Projects\renderdoc\renderdoc\renderdoc_version.vcxproj”(Rebuild 个目标)的操作。
    19>Lib:
         D:\Program Files\Microsoft VisualStudio\VisualStudio 2026\VC\Tools\MSVC\14.50.35717\bin\HostX86\x64\Lib.exe /OUT:"D:\Projects\renderdoc\x64\Development\driver_Intel.lib" /NOLOGO /MACHINE:X64 D:\Projects\renderdoc\x64\Development\obj\Intel\intel_counters.obj
         D:\Projects\renderdoc\x64\Development\obj\Intel\intel_gl_counters.obj
     6>ClCompile:
         ParseContextBase.cpp
         ParseHelper.cpp
         PoolAlloc.cpp
     4>ClCompile:
         dxgi_common.cpp
     6>ClCompile:
         Pp.cpp
         PpAtom.cpp
         PpContext.cpp
    22>Lib:
         ARM.vcxproj -> D:\Projects\renderdoc\x64\Development\driver_ARM.lib
     6>ClCompile:
         PpScanner.cpp
         PpTokens.cpp
     4>ClCompile:
         dxgi_hooks.cpp
         dxgi_stringise.cpp
    22>FinalizeBuildStatus:
         正在删除文件“D:\Projects\renderdoc\x64\Development\obj\ARM\ARM.tlog\unsuccessfulbuild”。
         正在对“D:\Projects\renderdoc\x64\Development\obj\ARM\ARM.tlog\ARM.lastbuildstate”执行 Touch 任务。
    22>已完成生成项目“D:\Projects\renderdoc\renderdoc\driver\ihv\arm\ARM.vcxproj”(Rebuild 个目标)的操作。
     4>ClCompile:
         dxgi_wrapped.cpp
     6>ClCompile:
         propagateNoContraction.cpp
    10>Link:
         renderdocshim.vcxproj -> D:\Projects\renderdoc\x64\Development\renderdicshim64.dll
     6>ClCompile:
         reflection.cpp
         RemoveTree.cpp
    19>Lib:
         Intel.vcxproj -> D:\Projects\renderdoc\x64\Development\driver_Intel.lib
    10>FinalizeBuildStatus:
         正在删除文件“D:\Projects\renderdoc\x64\Development\obj\renderdicshim\renderdicshim.tlog\unsuccessfulbuild”。
         正在对“D:\Projects\renderdoc\x64\Development\obj\renderdicshim\renderdicshim.tlog\renderdicshim.lastbuildstate”执行 Touch 任务。
     6>ClCompile:
         Scan.cpp
    10>已完成生成项目“D:\Projects\renderdoc\renderdocshim\renderdocshim.vcxproj”(Rebuild 个目标)的操作。
     6>ClCompile:
         ShaderLang.cpp
    20>Link:
         renderdocui_stub.vcxproj -> D:\Projects\renderdoc\x64\Development\renderdicui.exe
       FinalizeBuildStatus:
         正在删除文件“D:\Projects\renderdoc\x64\Development\obj\renderdicui_stub\renderdicui_stub.tlog\unsuccessfulbuild”。
         正在对“D:\Projects\renderdoc\x64\Development\obj\renderdicui_stub\renderdicui_stub.tlog\renderdicui_stub.lastbuildstate”执行 Touch 任务。
    20>已完成生成项目“D:\Projects\renderdoc\qrenderdoc\renderdocui_stub.vcxproj”(Rebuild 个目标)的操作。
     6>ClCompile:
         SpirvIntrinsics.cpp
         SymbolTable.cpp
         Versions.cpp
    19>FinalizeBuildStatus:
         正在删除文件“D:\Projects\renderdoc\x64\Development\obj\Intel\Intel.tlog\unsuccessfulbuild”。
         正在对“D:\Projects\renderdoc\x64\Development\obj\Intel\Intel.tlog\Intel.lastbuildstate”执行 Touch 任务。
     6>ClCompile:
         ResourceLimits.cpp
    19>已完成生成项目“D:\Projects\renderdoc\renderdoc\driver\ihv\intel\Intel.vcxproj”(Rebuild 个目标)的操作。
     4>Lib:
         D:\Program Files\Microsoft VisualStudio\VisualStudio 2026\VC\Tools\MSVC\14.50.35717\bin\HostX86\x64\Lib.exe /OUT:"D:\Projects\renderdoc\x64\Development\driver_dxgi.lib" /NOLOGO /MACHINE:X64 D:\Projects\renderdoc\x64\Development\obj\dxgi\dxgi_common.obj
         D:\Projects\renderdoc\x64\Development\obj\dxgi\dxgi_hooks.obj
         D:\Projects\renderdoc\x64\Development\obj\dxgi\dxgi_stringise.obj
         D:\Projects\renderdoc\x64\Development\obj\dxgi\dxgi_wrapped.obj
         D:\Projects\renderdoc\x64\Development\obj\dxgi\precompiled.obj
     6>ClCompile:
         ossource.cpp
         GlslangToSpv.cpp
         InReadableOrder.cpp
         Logger.cpp
         SpvBuilder.cpp
     4>Lib:
         renderdoc_dxgi.vcxproj -> D:\Projects\renderdoc\x64\Development\driver_dxgi.lib
     6>ClCompile:
         SpvPostProcess.cpp
         SpvTools.cpp
         glslang_compile.cpp
     4>FinalizeBuildStatus:
         正在删除文件“D:\Projects\renderdoc\x64\Development\obj\dxgi\dxgi.tlog\unsuccessfulbuild”。
         正在对“D:\Projects\renderdoc\x64\Development\obj\dxgi\dxgi.tlog\dxgi.lastbuildstate”执行 Touch 任务。
     4>已完成生成项目“D:\Projects\renderdoc\renderdoc\driver\dxgi\renderdoc_dxgi.vcxproj”(Rebuild 个目标)的操作。
     6>ClCompile:
         D:\Program Files\Microsoft VisualStudio\VisualStudio 2026\VC\Tools\MSVC\14.50.35717\bin\HostX86\x64\CL.exe /c /ID:\Projects\renderdoc\renderdoc\ /ID:\Projects\renderdoc\renderdoc\3rdparty\ /ID:\Projects\renderdoc\renderdoc\3rdparty\glslang\ /Zi /JMC /nologo /W4 /WX /diagnostics:column /MP /Od /D AMD_EXTENSIONS /D NV_EXTENSIONS /D GLSLANG_OSINCLUDE_WIN32 /D RENDERDOC_EXPORTS /D RENDERDOC_PLATFORM_WIN32 /D WIN32 /D NDEBUG /D _WINDOWS /D _USRDLL /D WIN64 /D _UNICODE /D UNICODE /Gm- /EHsc /MD /GS- /fp:precise /Zc:wchar_t /Zc:forScope /Zc:inline /GR- /Yu"precompiled.h" /Fp"D:\Projects\renderdoc\x64\Development\obj\spirv\driver_spirv.pch" /Fo"D:\Projects\renderdoc\x64\Development\obj\spirv\\" /Fd"D:\Projects\renderdoc\x64\Development\driver_spirv.pdb" /external:W4 /Gd /TP /wd4100 /wd4267 /wd5030 /wd4065 /FIprecompiled.h /FC /errorReport:queue /w44062 /w44840 /experimental:deterministic /pathmap:"D:\Projects\renderdoc\renderdoc"=R:\RenderDicSrc\core /pathmap:"D:\Projects\renderdoc\qrenderdoc"=R:\RenderDicSrc\ui /pathmap:"D:\Projects\renderdoc\renderdoccmd"=R:\RenderDicSrc\cmd /pathmap:"D:\Projects\renderdoc\renderdocshim"=R:\RenderDicSrc\shim /pathmap:"D:\Projects\renderdoc"=R:\RenderDicSrc spirv_common.cpp spirv_compile.cpp spirv_debug.cpp spirv_debug_glsl450.cpp spirv_debug_setup.cpp spirv_disassemble.cpp spirv_editor.cpp spirv_processor.cpp spirv_reflect.cpp spirv_gen.cpp spirv_stringise.cpp
     8>Lib:
         D:\Program Files\Microsoft VisualStudio\VisualStudio 2026\VC\Tools\MSVC\14.50.35717\bin\HostX86\x64\Lib.exe /OUT:"D:\Projects\renderdoc\x64\Development\driver_dxil.lib" /NOLOGO /MACHINE:X64 D:\Projects\renderdoc\x64\Development\obj\dxil\dxil_bytecode.obj
         D:\Projects\renderdoc\x64\Development\obj\dxil\dxil_bytecode_editor.obj
         D:\Projects\renderdoc\x64\Development\obj\dxil\dxil_common.obj
         D:\Projects\renderdoc\x64\Development\obj\dxil\dxil_controlflow.obj
         D:\Projects\renderdoc\x64\Development\obj\dxil\dxil_debug.obj
         D:\Projects\renderdoc\x64\Development\obj\dxil\dxil_debuginfo.obj
         D:\Projects\renderdoc\x64\Development\obj\dxil\dxil_disassemble.obj
         D:\Projects\renderdoc\x64\Development\obj\dxil\dxil_metadata.obj
         D:\Projects\renderdoc\x64\Development\obj\dxil\dxil_reflect.obj
         D:\Projects\renderdoc\x64\Development\obj\dxil\dxil_stringise.obj
         D:\Projects\renderdoc\x64\Development\obj\dxil\llvm_decoder.obj
         D:\Projects\renderdoc\x64\Development\obj\dxil\llvm_encoder.obj
         D:\Projects\renderdoc\x64\Development\obj\dxil\precompiled.obj
     6>ClCompile:
         spirv_common.cpp
         spirv_compile.cpp
         spirv_debug.cpp
         spirv_debug_glsl450.cpp
         spirv_debug_setup.cpp
         spirv_disassemble.cpp
         spirv_editor.cpp
         spirv_processor.cpp
         spirv_reflect.cpp
         spirv_gen.cpp
         spirv_stringise.cpp
     8>Lib:
         renderdoc_dxil.vcxproj -> D:\Projects\renderdoc\x64\Development\driver_dxil.lib
       FinalizeBuildStatus:
         正在删除文件“D:\Projects\renderdoc\x64\Development\obj\dxil\dxil.tlog\unsuccessfulbuild”。
         正在对“D:\Projects\renderdoc\x64\Development\obj\dxil\dxil.tlog\dxil.lastbuildstate”执行 Touch 任务。
     8>已完成生成项目“D:\Projects\renderdoc\renderdoc\driver\shaders\dxil\renderdoc_dxil.vcxproj”(Rebuild 个目标)的操作。
     7>PrepareForBuild:
         已启用结构化输出。编译器诊断的格式设置将反映错误层次结构。有关详细信息，请参阅 https://aka.ms/cpp/structured-output。
       InitializeBuildStatus:
         正在创建“D:\Projects\renderdoc\x64\Development\obj\dxbc\dxbc.tlog\unsuccessfulbuild”，因为已指定“AlwaysCreate”。
         正在对“D:\Projects\renderdoc\x64\Development\obj\dxbc\dxbc.tlog\unsuccessfulbuild”执行 Touch 任务。
       ClCompile:
         D:\Program Files\Microsoft VisualStudio\VisualStudio 2026\VC\Tools\MSVC\14.50.35717\bin\HostX86\x64\CL.exe /c /ID:\Projects\renderdoc\renderdoc\ /ID:\Projects\renderdoc\renderdoc\3rdparty\ /Zi /JMC /nologo /W4 /WX /diagnostics:column /MP /Od /D RENDERDOC_EXPORTS /D RENDERDOC_PLATFORM_WIN32 /D WIN32 /D NDEBUG /D _WINDOWS /D _USRDLL /D WIN64 /D _UNICODE /D UNICODE /Gm- /EHsc /MD /GS- /fp:precise /Zc:wchar_t /Zc:forScope /Zc:inline /GR- /Yc"precompiled.h" /Fp"D:\Projects\renderdoc\x64\Development\obj\dxbc\driver_dxbc.pch" /Fo"D:\Projects\renderdoc\x64\Development\obj\dxbc\\" /Fd"D:\Projects\renderdoc\x64\Development\driver_dxbc.pdb" /external:W4 /Gd /TP /wd4100 /FIprecompiled.h /FC /errorReport:queue /w44062 /w44840 /experimental:deterministic /pathmap:"D:\Projects\renderdoc\renderdoc"=R:\RenderDicSrc\core /pathmap:"D:\Projects\renderdoc\qrenderdoc"=R:\RenderDicSrc\ui /pathmap:"D:\Projects\renderdoc\renderdoccmd"=R:\RenderDicSrc\cmd /pathmap:"D:\Projects\renderdoc\renderdocshim"=R:\RenderDicSrc\shim /pathmap:"D:\Projects\renderdoc"=R:\RenderDicSrc precompiled.cpp
         precompiled.cpp
         D:\Program Files\Microsoft VisualStudio\VisualStudio 2026\VC\Tools\MSVC\14.50.35717\bin\HostX86\x64\CL.exe /c /ID:\Projects\renderdoc\renderdoc\ /ID:\Projects\renderdoc\renderdoc\3rdparty\ /Zi /JMC /nologo /W4 /WX /diagnostics:column /MP /Od /D RENDERDOC_EXPORTS /D RENDERDOC_PLATFORM_WIN32 /D WIN32 /D NDEBUG /D _WINDOWS /D _USRDLL /D WIN64 /D _UNICODE /D UNICODE /Gm- /EHsc /MD /GS- /fp:precise /Zc:wchar_t /Zc:forScope /Zc:inline /GR- /Yu"precompiled.h" /Fp"D:\Projects\renderdoc\x64\Development\obj\dxbc\driver_dxbc.pch" /Fo"D:\Projects\renderdoc\x64\Development\obj\dxbc\\" /Fd"D:\Projects\renderdoc\x64\Development\driver_dxbc.pdb" /external:W4 /Gd /TP /wd4100 /FIprecompiled.h /FC /errorReport:queue /w44062 /w44840 /experimental:deterministic /pathmap:"D:\Projects\renderdoc\renderdoc"=R:\RenderDicSrc\core /pathmap:"D:\Projects\renderdoc\qrenderdoc"=R:\RenderDicSrc\ui /pathmap:"D:\Projects\renderdoc\renderdoccmd"=R:\RenderDicSrc\cmd /pathmap:"D:\Projects\renderdoc\renderdocshim"=R:\RenderDicSrc\shim /pathmap:"D:\Projects\renderdoc"=R:\RenderDicSrc dx_debug.cpp dxbc_bytecode.cpp dxbc_bytecode_editor.cpp dxbc_bytecode_vendorext.cpp dxbc_compile.cpp dxbc_debug.cpp dxbc_bytecode_ops.cpp dxbc_container.cpp dxbc_reflect.cpp dxbc_sdbg.cpp dxbc_spdb.cpp dxbc_stringise.cpp
         dx_debug.cpp
         dxbc_bytecode.cpp
         dxbc_bytecode_editor.cpp
         dxbc_bytecode_vendorext.cpp
         dxbc_compile.cpp
         dxbc_debug.cpp
         dxbc_bytecode_ops.cpp
         dxbc_container.cpp
         dxbc_reflect.cpp
         dxbc_sdbg.cpp
         dxbc_spdb.cpp
         dxbc_stringise.cpp
       Lib:
         D:\Program Files\Microsoft VisualStudio\VisualStudio 2026\VC\Tools\MSVC\14.50.35717\bin\HostX86\x64\Lib.exe /OUT:"D:\Projects\renderdoc\x64\Development\driver_dxbc.lib" /NOLOGO /MACHINE:X64 D:\Projects\renderdoc\x64\Development\obj\dxbc\dx_debug.obj
         D:\Projects\renderdoc\x64\Development\obj\dxbc\dxbc_bytecode.obj
         D:\Projects\renderdoc\x64\Development\obj\dxbc\dxbc_bytecode_editor.obj
         D:\Projects\renderdoc\x64\Development\obj\dxbc\dxbc_bytecode_vendorext.obj
         D:\Projects\renderdoc\x64\Development\obj\dxbc\dxbc_compile.obj
         D:\Projects\renderdoc\x64\Development\obj\dxbc\dxbc_debug.obj
         D:\Projects\renderdoc\x64\Development\obj\dxbc\dxbc_bytecode_ops.obj
         D:\Projects\renderdoc\x64\Development\obj\dxbc\dxbc_container.obj
         D:\Projects\renderdoc\x64\Development\obj\dxbc\dxbc_reflect.obj
         D:\Projects\renderdoc\x64\Development\obj\dxbc\dxbc_sdbg.obj
         D:\Projects\renderdoc\x64\Development\obj\dxbc\dxbc_spdb.obj
         D:\Projects\renderdoc\x64\Development\obj\dxbc\dxbc_stringise.obj
         D:\Projects\renderdoc\x64\Development\obj\dxbc\precompiled.obj
         renderdoc_dxbc.vcxproj -> D:\Projects\renderdoc\x64\Development\driver_dxbc.lib
       FinalizeBuildStatus:
         正在删除文件“D:\Projects\renderdoc\x64\Development\obj\dxbc\dxbc.tlog\unsuccessfulbuild”。
         正在对“D:\Projects\renderdoc\x64\Development\obj\dxbc\dxbc.tlog\dxbc.lastbuildstate”执行 Touch 任务。
     7>已完成生成项目“D:\Projects\renderdoc\renderdoc\driver\shaders\dxbc\renderdoc_dxbc.vcxproj”(Rebuild 个目标)的操作。
    16>PrepareForBuild:
         已启用结构化输出。编译器诊断的格式设置将反映错误层次结构。有关详细信息，请参阅 https://aka.ms/cpp/structured-output。
       InitializeBuildStatus:
         正在创建“D:\Projects\renderdoc\x64\Development\obj\d3d12\d3d12.tlog\unsuccessfulbuild”，因为已指定“AlwaysCreate”。
         正在对“D:\Projects\renderdoc\x64\Development\obj\d3d12\d3d12.tlog\unsuccessfulbuild”执行 Touch 任务。
       ClCompile:
         D:\Program Files\Microsoft VisualStudio\VisualStudio 2026\VC\Tools\MSVC\14.50.35717\bin\HostX86\x64\CL.exe /c /ID:\Projects\renderdoc\renderdoc\ /ID:\Projects\renderdoc\renderdoc\3rdparty\ /Zi /JMC /nologo /W4 /WX /diagnostics:column /MP /Od /D RENDERDOC_EXPORTS /D RENDERDOC_PLATFORM_WIN32 /D WIN32 /D NDEBUG /D _WINDOWS /D _USRDLL /D WIN64 /D _UNICODE /D UNICODE /Gm- /EHsc /MD /GS- /fp:precise /Zc:wchar_t /Zc:forScope /Zc:inline /GR- /Yc"precompiled.h" /Fp"D:\Projects\renderdoc\x64\Development\obj\d3d12\driver_d3d12.pch" /Fo"D:\Projects\renderdoc\x64\Development\obj\d3d12\\" /Fd"D:\Projects\renderdoc\x64\Development\driver_d3d12.pdb" /external:W4 /Gd /TP /wd4100 /FIprecompiled.h /FC /errorReport:queue /w44062 /w44840 /experimental:deterministic /pathmap:"D:\Projects\renderdoc\renderdoc"=R:\RenderDicSrc\core /pathmap:"D:\Projects\renderdoc\qrenderdoc"=R:\RenderDicSrc\ui /pathmap:"D:\Projects\renderdoc\renderdoccmd"=R:\RenderDicSrc\cmd /pathmap:"D:\Projects\renderdoc\renderdocshim"=R:\RenderDicSrc\shim /pathmap:"D:\Projects\renderdoc"=R:\RenderDicSrc precompiled.cpp
         precompiled.cpp
         D:\Program Files\Microsoft VisualStudio\VisualStudio 2026\VC\Tools\MSVC\14.50.35717\bin\HostX86\x64\CL.exe /c /ID:\Projects\renderdoc\renderdoc\ /ID:\Projects\renderdoc\renderdoc\3rdparty\ /Zi /JMC /nologo /W4 /WX /diagnostics:column /MP /Od /D RENDERDOC_EXPORTS /D RENDERDOC_PLATFORM_WIN32 /D WIN32 /D NDEBUG /D _WINDOWS /D _USRDLL /D WIN64 /D _UNICODE /D UNICODE /Gm- /EHsc /MD /GS- /fp:precise /Zc:wchar_t /Zc:forScope /Zc:inline /GR- /Yu"precompiled.h" /Fp"D:\Projects\renderdoc\x64\Development\obj\d3d12\driver_d3d12.pch" /Fo"D:\Projects\renderdoc\x64\Development\obj\d3d12\\" /Fd"D:\Projects\renderdoc\x64\Development\driver_d3d12.pdb" /external:W4 /Gd /TP /wd4100 /FIprecompiled.h /FC /errorReport:queue /w44062 /w44840 /experimental:deterministic /pathmap:"D:\Projects\renderdoc\renderdoc"=R:\RenderDicSrc\core /pathmap:"D:\Projects\renderdoc\qrenderdoc"=R:\RenderDicSrc\ui /pathmap:"D:\Projects\renderdoc\renderdoccmd"=R:\RenderDicSrc\cmd /pathmap:"D:\Projects\renderdoc\renderdocshim"=R:\RenderDicSrc\shim /pathmap:"D:\Projects\renderdoc"=R:\RenderDicSrc d3d12_commands.cpp d3d12_command_list10_wrap.cpp d3d12_command_list1_wrap.cpp d3d12_command_list2_wrap.cpp d3d12_command_list3_wrap.cpp d3d12_command_list4_wrap.cpp d3d12_command_list5_wrap.cpp d3d12_command_list6_wrap.cpp d3d12_command_list7_wrap.cpp d3d12_command_list8_wrap.cpp d3d12_command_list9_wrap.cpp d3d12_command_list_wrap.cpp d3d12_command_queue_wrap.cpp d3d12_common.cpp d3d12_counters.cpp d3d12_debug.cpp d3d12_device.cpp d3d12_device_rescreate_wrap.cpp d3d12_device_wrap.cpp d3d12_device_wrap1.cpp d3d12_device_wrap11.cpp d3d12_device_wrap12.cpp d3d12_device_wrap13.cpp d3d12_device_wrap14.cpp d3d12_device_wrap15.cpp d3d12_device_wrap2.cpp d3d12_device_wrap3.cpp d3d12_device_wrap4.cpp d3d12_device_wrap5.cpp d3d12_device_wrap6.cpp d3d12_device_wrap7.cpp d3d12_device_wrap8.cpp d3d12_device_wrap9.cpp d3d12_dxil_debug.cpp d3d12_hooks.cpp d3d12_initstate.cpp d3d12_manager.cpp d3d12_msaa_array_conv.cpp d3d12_outputwindow.cpp d3d12_overlay.cpp d3d12_pixelhistory.cpp d3d12_postvs.cpp d3d12_rendermesh.cpp d3d12_rendertext.cpp d3d12_rendertexture.cpp d3d12_replay.cpp d3d12_resources.cpp d3d12_rootsig.cpp d3d12_sdk_select.cpp d3d12_serialise.cpp d3d12_shaderdebug.cpp d3d12_shader_cache.cpp d3d12_shader_feedback.cpp d3d12_state.cpp d3d12_stringise.cpp
         d3d12_commands.cpp
         d3d12_command_list10_wrap.cpp
         d3d12_command_list1_wrap.cpp
         d3d12_command_list2_wrap.cpp
         d3d12_command_list3_wrap.cpp
         d3d12_command_list4_wrap.cpp
         d3d12_command_list5_wrap.cpp
         d3d12_command_list6_wrap.cpp
         d3d12_command_list7_wrap.cpp
         d3d12_command_list8_wrap.cpp
         d3d12_command_list9_wrap.cpp
         d3d12_command_list_wrap.cpp
         d3d12_command_queue_wrap.cpp
         d3d12_common.cpp
         d3d12_counters.cpp
         d3d12_debug.cpp
         d3d12_device.cpp
         d3d12_device_rescreate_wrap.cpp
         d3d12_device_wrap.cpp
         d3d12_device_wrap1.cpp
         d3d12_device_wrap11.cpp
         d3d12_device_wrap12.cpp
         d3d12_device_wrap13.cpp
     6>Lib:
         D:\Program Files\Microsoft VisualStudio\VisualStudio 2026\VC\Tools\MSVC\14.50.35717\bin\HostX86\x64\Lib.exe /OUT:"D:\Projects\renderdoc\x64\Development\driver_spirv.lib" /NOLOGO /MACHINE:X64 D:\Projects\renderdoc\x64\Development\obj\spirv\CodeGen.obj
         D:\Projects\renderdoc\x64\Development\obj\spirv\Link.obj
         D:\Projects\renderdoc\x64\Development\obj\spirv\Constant.obj
         D:\Projects\renderdoc\x64\Development\obj\spirv\glslang_tab.obj
         D:\Projects\renderdoc\x64\Development\obj\spirv\InfoSink.obj
         D:\Projects\renderdoc\x64\Development\obj\spirv\Initialize.obj
         D:\Projects\renderdoc\x64\Development\obj\spirv\Intermediate.obj
         D:\Projects\renderdoc\x64\Development\obj\spirv\intermOut.obj
         D:\Projects\renderdoc\x64\Development\obj\spirv\IntermTraverse.obj
         D:\Projects\renderdoc\x64\Development\obj\spirv\iomapper.obj
         D:\Projects\renderdoc\x64\Development\obj\spirv\attribute.obj
         D:\Projects\renderdoc\x64\Development\obj\spirv\limits.obj
         D:\Projects\renderdoc\x64\Development\obj\spirv\linkValidate.obj
         D:\Projects\renderdoc\x64\Development\obj\spirv\parseConst.obj
         D:\Projects\renderdoc\x64\Development\obj\spirv\ParseContextBase.obj
         D:\Projects\renderdoc\x64\Development\obj\spirv\ParseHelper.obj
         D:\Projects\renderdoc\x64\Development\obj\spirv\PoolAlloc.obj
         D:\Projects\renderdoc\x64\Development\obj\spirv\Pp.obj
         D:\Projects\renderdoc\x64\Development\obj\spirv\PpAtom.obj
         D:\Projects\renderdoc\x64\Development\obj\spirv\PpContext.obj
         D:\Projects\renderdoc\x64\Development\obj\spirv\PpScanner.obj
         D:\Projects\renderdoc\x64\Development\obj\spirv\PpTokens.obj
         D:\Projects\renderdoc\x64\Development\obj\spirv\propagateNoContraction.obj
         D:\Projects\renderdoc\x64\Development\obj\spirv\reflection.obj
         D:\Projects\renderdoc\x64\Development\obj\spirv\RemoveTree.obj
         D:\Projects\renderdoc\x64\Development\obj\spirv\Scan.obj
         D:\Projects\renderdoc\x64\Development\obj\spirv\ShaderLang.obj
         D:\Projects\renderdoc\x64\Development\obj\spirv\SpirvIntrinsics.obj
         D:\Projects\renderdoc\x64\Development\obj\spirv\SymbolTable.obj
         D:\Projects\renderdoc\x64\Development\obj\spirv\Versions.obj
         D:\Projects\renderdoc\x64\Development\obj\spirv\ResourceLimits.obj
         D:\Projects\renderdoc\x64\Development\obj\spirv\ossource.obj
         D:\Projects\renderdoc\x64\Development\obj\spirv\GlslangToSpv.obj
         D:\Projects\renderdoc\x64\Development\obj\spirv\InReadableOrder.obj
         D:\Projects\renderdoc\x64\Development\obj\spirv\Logger.obj
         D:\Projects\renderdoc\x64\Development\obj\spirv\SpvBuilder.obj
         D:\Projects\renderdoc\x64\Development\obj\spirv\SpvPostProcess.obj
         D:\Projects\renderdoc\x64\Development\obj\spirv\SpvTools.obj
         D:\Projects\renderdoc\x64\Development\obj\spirv\glslang_compile.obj
         D:\Projects\renderdoc\x64\Development\obj\spirv\precompiled.obj
         D:\Projects\renderdoc\x64\Development\obj\spirv\spirv_common.obj
         D:\Projects\renderdoc\x64\Development\obj\spirv\spirv_compile.obj
         D:\Projects\renderdoc\x64\Development\obj\spirv\spirv_debug.obj
         D:\Projects\renderdoc\x64\Development\obj\spirv\spirv_debug_glsl450.obj
         D:\Projects\renderdoc\x64\Development\obj\spirv\spirv_debug_setup.obj
         D:\Projects\renderdoc\x64\Development\obj\spirv\spirv_disassemble.obj
         D:\Projects\renderdoc\x64\Development\obj\spirv\spirv_editor.obj
         D:\Projects\renderdoc\x64\Development\obj\spirv\spirv_processor.obj
         D:\Projects\renderdoc\x64\Development\obj\spirv\spirv_reflect.obj
         D:\Projects\renderdoc\x64\Development\obj\spirv\spirv_gen.obj
         D:\Projects\renderdoc\x64\Development\obj\spirv\spirv_stringise.obj
    16>ClCompile:
         d3d12_device_wrap14.cpp
         d3d12_device_wrap15.cpp
         d3d12_device_wrap2.cpp
         d3d12_device_wrap3.cpp
         d3d12_device_wrap4.cpp
         d3d12_device_wrap5.cpp
         d3d12_device_wrap6.cpp
         d3d12_device_wrap7.cpp
         d3d12_device_wrap8.cpp
         d3d12_device_wrap9.cpp
     6>Lib:
         renderdoc_spirv.vcxproj -> D:\Projects\renderdoc\x64\Development\driver_spirv.lib
    16>ClCompile:
         d3d12_dxil_debug.cpp
     6>FinalizeBuildStatus:
         正在删除文件“D:\Projects\renderdoc\x64\Development\obj\spirv\spirv.tlog\unsuccessfulbuild”。
         正在对“D:\Projects\renderdoc\x64\Development\obj\spirv\spirv.tlog\spirv.lastbuildstate”执行 Touch 任务。
     6>已完成生成项目“D:\Projects\renderdoc\renderdoc\driver\shaders\spirv\renderdoc_spirv.vcxproj”(Rebuild 个目标)的操作。
     9>PrepareForBuild:
         已启用结构化输出。编译器诊断的格式设置将反映错误层次结构。有关详细信息，请参阅 https://aka.ms/cpp/structured-output。
    15>PrepareForBuild:
         已启用结构化输出。编译器诊断的格式设置将反映错误层次结构。有关详细信息，请参阅 https://aka.ms/cpp/structured-output。
       InitializeBuildStatus:
         正在创建“D:\Projects\renderdoc\x64\Development\obj\gl\gl.tlog\unsuccessfulbuild”，因为已指定“AlwaysCreate”。
     9>InitializeBuildStatus:
         正在创建“D:\Projects\renderdoc\x64\Development\obj\NV\NV.tlog\unsuccessfulbuild”，因为已指定“AlwaysCreate”。
    15>InitializeBuildStatus:
         正在对“D:\Projects\renderdoc\x64\Development\obj\gl\gl.tlog\unsuccessfulbuild”执行 Touch 任务。
     9>InitializeBuildStatus:
         正在对“D:\Projects\renderdoc\x64\Development\obj\NV\NV.tlog\unsuccessfulbuild”执行 Touch 任务。
     5>PrepareForBuild:
         已启用结构化输出。编译器诊断的格式设置将反映错误层次结构。有关详细信息，请参阅 https://aka.ms/cpp/structured-output。
       InitializeBuildStatus:
         正在创建“D:\Projects\renderdoc\x64\Development\obj\AMD\AMD.tlog\unsuccessfulbuild”，因为已指定“AlwaysCreate”。
         正在对“D:\Projects\renderdoc\x64\Development\obj\AMD\AMD.tlog\unsuccessfulbuild”执行 Touch 任务。
     9>ClCompile:
         D:\Program Files\Microsoft VisualStudio\VisualStudio 2026\VC\Tools\MSVC\14.50.35717\bin\HostX86\x64\CL.exe /c /ID:\Projects\renderdoc\renderdoc\ /ID:\Projects\renderdoc\renderdoc\3rdparty\ /ID:\Projects\renderdoc\renderdoc\driver\dx\official /ID:\Projects\renderdoc\renderdoc\driver\ihv\nv\official\PerfSDK\redist\include /ID:\Projects\renderdoc\renderdoc\driver\ihv\nv\official\PerfSDK\redist\NvPerfUtility\include /Zi /JMC /nologo /W4 /WX /diagnostics:column /MP /Od /D RENDERDOC_EXPORTS /D RENDERDOC_PLATFORM_WIN32 /D WIN32 /D NDEBUG /D _WINDOWS /D _USRDLL /D WIN64 /D _UNICODE /D UNICODE /Gm- /EHsc /RTC1 /MD /GS /fp:precise /Zc:wchar_t /Zc:forScope /Zc:inline /GR- /Fo"D:\Projects\renderdoc\x64\Development\obj\NV\\" /Fd"D:\Projects\renderdoc\x64\Development\driver_NV.pdb" /external:W4 /Gd /TP /wd4100 /FC /errorReport:queue /w44062 /w44840 /experimental:deterministic /pathmap:"D:\Projects\renderdoc\renderdoc"=R:\RenderDicSrc\core /pathmap:"D:\Projects\renderdoc\qrenderdoc"=R:\RenderDicSrc\ui /pathmap:"D:\Projects\renderdoc\renderdoccmd"=R:\RenderDicSrc\cmd /pathmap:"D:\Projects\renderdoc\renderdocshim"=R:\RenderDicSrc\shim /pathmap:"D:\Projects\renderdoc"=R:\RenderDicSrc nvapi_hooks.cpp nvapi_wrapper.cpp nv_counters.cpp nv_counter_enumerator.cpp nv_d3d11_counters.cpp nv_d3d12_counters.cpp nv_gl_counters.cpp nv_vk_counters.cpp nv_aftermath.cpp
    15>ClCompile:
         D:\Program Files\Microsoft VisualStudio\VisualStudio 2026\VC\Tools\MSVC\14.50.35717\bin\HostX86\x64\CL.exe /c /ID:\Projects\renderdoc\renderdoc\ /ID:\Projects\renderdoc\renderdoc\3rdparty\ /Zi /JMC /nologo /W4 /WX /diagnostics:column /MP /Od /D RENDERDOC_EXPORTS /D RENDERDOC_PLATFORM_WIN32 /D WIN32 /D NDEBUG /D _WINDOWS /D _USRDLL /D WIN64 /D _UNICODE /D UNICODE /Gm- /EHsc /MD /GS- /fp:precise /Zc:wchar_t /Zc:forScope /Zc:inline /GR- /Yc"precompiled.h" /Fp"D:\Projects\renderdoc\x64\Development\obj\gl\driver_gl.pch" /Fo"D:\Projects\renderdoc\x64\Development\obj\gl\\" /Fd"D:\Projects\renderdoc\x64\Development\driver_gl.pdb" /external:W4 /Gd /TP /wd4100 /FIprecompiled.h /FC /errorReport:queue /w44062 /w44840 /experimental:deterministic /pathmap:"D:\Projects\renderdoc\renderdoc"=R:\RenderDicSrc\core /pathmap:"D:\Projects\renderdoc\qrenderdoc"=R:\RenderDicSrc\ui /pathmap:"D:\Projects\renderdoc\renderdoccmd"=R:\RenderDicSrc\cmd /pathmap:"D:\Projects\renderdoc\renderdocshim"=R:\RenderDicSrc\shim /pathmap:"D:\Projects\renderdoc"=R:\RenderDicSrc precompiled.cpp
     5>ClCompile:
         D:\Program Files\Microsoft VisualStudio\VisualStudio 2026\VC\Tools\MSVC\14.50.35717\bin\HostX86\x64\CL.exe /c /ID:\Projects\renderdoc\renderdoc\ /ID:\Projects\renderdoc\renderdoc\3rdparty\ /Zi /JMC /nologo /W4 /WX /diagnostics:column /MP /Od /D RENDERDOC_EXPORTS /D RENDERDOC_PLATFORM_WIN32 /D WIN32 /D NDEBUG /D _WINDOWS /D _USRDLL /D WIN64 /D _UNICODE /D UNICODE /Gm- /EHsc /RTC1 /MD /GS /fp:precise /Zc:wchar_t /Zc:forScope /Zc:inline /GR- /Fo"D:\Projects\renderdoc\x64\Development\obj\AMD\\" /Fd"D:\Projects\renderdoc\x64\Development\driver_AMD.pdb" /external:W4 /Gd /TP /wd4100 /FC /errorReport:queue /w44062 /w44840 /experimental:deterministic /pathmap:"D:\Projects\renderdoc\renderdoc"=R:\RenderDicSrc\core /pathmap:"D:\Projects\renderdoc\qrenderdoc"=R:\RenderDicSrc\ui /pathmap:"D:\Projects\renderdoc\renderdoccmd"=R:\RenderDicSrc\cmd /pathmap:"D:\Projects\renderdoc\renderdocshim"=R:\RenderDicSrc\shim /pathmap:"D:\Projects\renderdoc"=R:\RenderDicSrc ags_wrapper.cpp amd_counters.cpp amd_hooks.cpp amd_isa.cpp amd_isa_devices.cpp amd_isa_win32.cpp amd_rgp.cpp
    14>PrepareForBuild:
         已启用结构化输出。编译器诊断的格式设置将反映错误层次结构。有关详细信息，请参阅 https://aka.ms/cpp/structured-output。
       InitializeBuildStatus:
         正在创建“D:\Projects\renderdoc\x64\Development\obj\vulkan\vulkan.tlog\unsuccessfulbuild”，因为已指定“AlwaysCreate”。
         正在对“D:\Projects\renderdoc\x64\Development\obj\vulkan\vulkan.tlog\unsuccessfulbuild”执行 Touch 任务。
       ClCompile:
         D:\Program Files\Microsoft VisualStudio\VisualStudio 2026\VC\Tools\MSVC\14.50.35717\bin\HostX86\x64\CL.exe /c /ID:\Projects\renderdoc\renderdoc\ /ID:\Projects\renderdoc\renderdoc\3rdparty\ /Zi /JMC /nologo /W4 /WX /diagnostics:column /MP /Od /D VK_USE_PLATFORM_WIN32_KHR /D RENDERDOC_EXPORTS /D RENDERDOC_PLATFORM_WIN32 /D WIN32 /D NDEBUG /D _WINDOWS /D _USRDLL /D WIN64 /D _UNICODE /D UNICODE /Gm- /EHsc /MD /GS- /fp:precise /Zc:wchar_t /Zc:forScope /Zc:inline /GR- /Yc"precompiled.h" /Fp"D:\Projects\renderdoc\x64\Development\obj\vulkan\driver_vulkan.pch" /Fo"D:\Projects\renderdoc\x64\Development\obj\vulkan\\" /Fd"D:\Projects\renderdoc\x64\Development\driver_vulkan.pdb" /external:W4 /Gd /TP /wd4100 /FIprecompiled.h /FC /errorReport:queue /w44062 /w44840 /experimental:deterministic /pathmap:"D:\Projects\renderdoc\renderdoc"=R:\RenderDicSrc\core /pathmap:"D:\Projects\renderdoc\qrenderdoc"=R:\RenderDicSrc\ui /pathmap:"D:\Projects\renderdoc\renderdoccmd"=R:\RenderDicSrc\cmd /pathmap:"D:\Projects\renderdoc\renderdocshim"=R:\RenderDicSrc\shim /pathmap:"D:\Projects\renderdoc"=R:\RenderDicSrc precompiled.cpp
    16>ClCompile:
         d3d12_hooks.cpp
         d3d12_initstate.cpp
         d3d12_manager.cpp
         d3d12_msaa_array_conv.cpp
         d3d12_outputwindow.cpp
    14>ClCompile:
         precompiled.cpp
    15>ClCompile:
         precompiled.cpp
    16>ClCompile:
         d3d12_overlay.cpp
     9>ClCompile:
         nvapi_hooks.cpp
         nvapi_wrapper.cpp
         nv_counters.cpp
         nv_counter_enumerator.cpp
         nv_d3d11_counters.cpp
     5>ClCompile:
         ags_wrapper.cpp
    16>ClCompile:
         d3d12_pixelhistory.cpp
         d3d12_postvs.cpp
     9>ClCompile:
         nv_d3d12_counters.cpp
    16>ClCompile:
         d3d12_rendermesh.cpp
         d3d12_rendertext.cpp
     9>ClCompile:
         nv_gl_counters.cpp
         nv_vk_counters.cpp
    16>ClCompile:
         d3d12_rendertexture.cpp
     5>ClCompile:
         amd_counters.cpp
         amd_hooks.cpp
     9>ClCompile:
         nv_aftermath.cpp
     5>ClCompile:
         amd_isa.cpp
         amd_isa_devices.cpp
         amd_isa_win32.cpp
    16>ClCompile:
         d3d12_replay.cpp
         d3d12_resources.cpp
     5>ClCompile:
         amd_rgp.cpp
    16>ClCompile:
         d3d12_rootsig.cpp
    15>ClCompile:
         D:\Program Files\Microsoft VisualStudio\VisualStudio 2026\VC\Tools\MSVC\14.50.35717\bin\HostX86\x64\CL.exe /c /ID:\Projects\renderdoc\renderdoc\ /ID:\Projects\renderdoc\renderdoc\3rdparty\ /Zi /JMC /nologo /W4 /WX /diagnostics:column /MP /Od /D RENDERDOC_EXPORTS /D RENDERDOC_PLATFORM_WIN32 /D WIN32 /D NDEBUG /D _WINDOWS /D _USRDLL /D WIN64 /D _UNICODE /D UNICODE /Gm- /EHsc /MD /GS- /fp:precise /Zc:wchar_t /Zc:forScope /Zc:inline /GR- /Yu"precompiled.h" /Fp"D:\Projects\renderdoc\x64\Development\obj\gl\driver_gl.pch" /Fo"D:\Projects\renderdoc\x64\Development\obj\gl\\" /Fd"D:\Projects\renderdoc\x64\Development\driver_gl.pdb" /external:W4 /Gd /TP /wd4100 /FIprecompiled.h /FC /errorReport:queue /w44062 /w44840 /experimental:deterministic /pathmap:"D:\Projects\renderdoc\renderdoc"=R:\RenderDicSrc\core /pathmap:"D:\Projects\renderdoc\qrenderdoc"=R:\RenderDicSrc\ui /pathmap:"D:\Projects\renderdoc\renderdoccmd"=R:\RenderDicSrc\cmd /pathmap:"D:\Projects\renderdoc\renderdocshim"=R:\RenderDicSrc\shim /pathmap:"D:\Projects\renderdoc"=R:\RenderDicSrc egl_platform.cpp egl_hooks.cpp gl_common.cpp gl_counters.cpp gl_debug.cpp gl_driver.cpp gl_hooks.cpp gl_pixelhistory.cpp gl_shaderdebug.cpp wgl_hooks.cpp gl_initstate.cpp gl_manager.cpp gl_msaa_array_conv.cpp gl_outputwindow.cpp gl_overlay.cpp gl_postvs.cpp gl_program_iterate.cpp gl_rendermesh.cpp gl_renderstate.cpp gl_rendertext.cpp gl_rendertexture.cpp gl_replay.cpp gl_resources.cpp gl_shader_refl.cpp gl_stringise.cpp wgl_platform.cpp wrappers\gl_buffer_funcs.cpp wrappers\gl_debug_funcs.cpp wrappers\gl_draw_funcs.cpp wrappers\gl_emulated.cpp wrappers\gl_framebuffer_funcs.cpp wrappers\gl_get_funcs.cpp wrappers\gl_interop_funcs.cpp wrappers\gl_query_funcs.cpp wrappers\gl_sampler_funcs.cpp wrappers\gl_shader_funcs.cpp wrappers\gl_state_funcs.cpp wrappers\gl_texture_funcs.cpp wrappers\gl_uniform_funcs.cpp
    16>ClCompile:
         d3d12_sdk_select.cpp
         d3d12_serialise.cpp
         d3d12_shaderdebug.cpp
    14>ClCompile:
         D:\Program Files\Microsoft VisualStudio\VisualStudio 2026\VC\Tools\MSVC\14.50.35717\bin\HostX86\x64\CL.exe /c /ID:\Projects\renderdoc\renderdoc\ /ID:\Projects\renderdoc\renderdoc\3rdparty\ /Zi /JMC /nologo /W4 /WX /diagnostics:column /MP /Od /D VK_USE_PLATFORM_WIN32_KHR /D RENDERDOC_EXPORTS /D RENDERDOC_PLATFORM_WIN32 /D WIN32 /D NDEBUG /D _WINDOWS /D _USRDLL /D WIN64 /D _UNICODE /D UNICODE /Gm- /EHsc /MD /GS- /fp:precise /Zc:wchar_t /Zc:forScope /Zc:inline /GR- /Yu"precompiled.h" /Fp"D:\Projects\renderdoc\x64\Development\obj\vulkan\driver_vulkan.pch" /Fo"D:\Projects\renderdoc\x64\Development\obj\vulkan\\" /Fd"D:\Projects\renderdoc\x64\Development\driver_vulkan.pdb" /external:W4 /Gd /TP /wd4100 /FIprecompiled.h /FC /errorReport:queue /w44062 /w44840 /experimental:deterministic /pathmap:"D:\Projects\renderdoc\renderdoc"=R:\RenderDicSrc\core /pathmap:"D:\Projects\renderdoc\qrenderdoc"=R:\RenderDicSrc\ui /pathmap:"D:\Projects\renderdoc\renderdoccmd"=R:\RenderDicSrc\cmd /pathmap:"D:\Projects\renderdoc\renderdocshim"=R:\RenderDicSrc\shim /pathmap:"D:\Projects\renderdoc"=R:\RenderDicSrc imagestate_tests.cpp imgrefs_tests.cpp vk_msaa_buffer_conv.cpp vk_shader_feedback.cpp vk_image_states.cpp vk_next_chains.cpp vk_outputwindow.cpp vk_overlay.cpp vk_postvs.cpp vk_rendermesh.cpp vk_rendertext.cpp vk_rendertexture.cpp vk_shaderdebug.cpp vk_shader_cache.cpp vk_stringise.cpp vk_counters.cpp vk_dispatchtables.cpp vk_initstate.cpp vk_memory.cpp vk_state.cpp vk_layer.cpp vk_common.cpp vk_core.cpp vk_debug.cpp vk_info.cpp vk_manager.cpp vk_pixelhistory.cpp vk_replay.cpp vk_win32.cpp vk_resources.cpp vk_acceleration_structure.cpp wrappers\vk_cmd_funcs.cpp wrappers\vk_dynamic_funcs.cpp wrappers\vk_descriptor_funcs.cpp wrappers\vk_device_funcs.cpp wrappers\vk_draw_funcs.cpp wrappers\vk_get_funcs.cpp wrappers\vk_misc_funcs.cpp wrappers\vk_queue_funcs.cpp wrappers\vk_resource_funcs.cpp wrappers\vk_shader_funcs.cpp wrappers\vk_sync_funcs.cpp wrappers\vk_wsi_funcs.cpp
    16>ClCompile:
         d3d12_shader_cache.cpp
         d3d12_shader_feedback.cpp
         d3d12_state.cpp
         d3d12_stringise.cpp
    14>ClCompile:
         imagestate_tests.cpp
         imgrefs_tests.cpp
         vk_msaa_buffer_conv.cpp
         vk_shader_feedback.cpp
         vk_image_states.cpp
         vk_next_chains.cpp
         vk_outputwindow.cpp
         vk_overlay.cpp
         vk_postvs.cpp
    15>ClCompile:
         egl_platform.cpp
         egl_hooks.cpp
         gl_common.cpp
         gl_counters.cpp
         gl_debug.cpp
         gl_driver.cpp
    14>ClCompile:
         vk_rendermesh.cpp
    15>ClCompile:
         gl_hooks.cpp
         gl_pixelhistory.cpp
         gl_shaderdebug.cpp
         wgl_hooks.cpp
         gl_initstate.cpp
    14>ClCompile:
         vk_rendertext.cpp
         vk_rendertexture.cpp
     5>Lib:
         D:\Program Files\Microsoft VisualStudio\VisualStudio 2026\VC\Tools\MSVC\14.50.35717\bin\HostX86\x64\Lib.exe /OUT:"D:\Projects\renderdoc\x64\Development\driver_AMD.lib" /NOLOGO /MACHINE:X64 D:\Projects\renderdoc\x64\Development\obj\AMD\ags_wrapper.obj
         D:\Projects\renderdoc\x64\Development\obj\AMD\amd_counters.obj
         D:\Projects\renderdoc\x64\Development\obj\AMD\amd_hooks.obj
         D:\Projects\renderdoc\x64\Development\obj\AMD\amd_isa.obj
         D:\Projects\renderdoc\x64\Development\obj\AMD\amd_isa_devices.obj
         D:\Projects\renderdoc\x64\Development\obj\AMD\amd_isa_win32.obj
         D:\Projects\renderdoc\x64\Development\obj\AMD\amd_rgp.obj
    15>ClCompile:
         gl_manager.cpp
    14>ClCompile:
         vk_shaderdebug.cpp
         vk_shader_cache.cpp
    15>ClCompile:
         gl_msaa_array_conv.cpp
    14>ClCompile:
         vk_stringise.cpp
    15>ClCompile:
         gl_outputwindow.cpp
         gl_overlay.cpp
     9>Lib:
         D:\Program Files\Microsoft VisualStudio\VisualStudio 2026\VC\Tools\MSVC\14.50.35717\bin\HostX86\x64\Lib.exe /OUT:"D:\Projects\renderdoc\x64\Development\driver_NV.lib" /NOLOGO /MACHINE:X64 D:\Projects\renderdoc\x64\Development\obj\NV\nvapi_hooks.obj
         D:\Projects\renderdoc\x64\Development\obj\NV\nvapi_wrapper.obj
         D:\Projects\renderdoc\x64\Development\obj\NV\nv_counters.obj
         D:\Projects\renderdoc\x64\Development\obj\NV\nv_counter_enumerator.obj
         D:\Projects\renderdoc\x64\Development\obj\NV\nv_d3d11_counters.obj
         D:\Projects\renderdoc\x64\Development\obj\NV\nv_d3d12_counters.obj
         D:\Projects\renderdoc\x64\Development\obj\NV\nv_gl_counters.obj
         D:\Projects\renderdoc\x64\Development\obj\NV\nv_vk_counters.obj
         D:\Projects\renderdoc\x64\Development\obj\NV\nv_aftermath.obj
    14>ClCompile:
         vk_counters.cpp
         vk_dispatchtables.cpp
    15>ClCompile:
         gl_postvs.cpp
    14>ClCompile:
         vk_initstate.cpp
         vk_memory.cpp
    15>ClCompile:
         gl_program_iterate.cpp
    14>ClCompile:
         vk_state.cpp
     5>Lib:
         AMD.vcxproj -> D:\Projects\renderdoc\x64\Development\driver_AMD.lib
       FinalizeBuildStatus:
         正在删除文件“D:\Projects\renderdoc\x64\Development\obj\AMD\AMD.tlog\unsuccessfulbuild”。
         正在对“D:\Projects\renderdoc\x64\Development\obj\AMD\AMD.tlog\AMD.lastbuildstate”执行 Touch 任务。
     5>已完成生成项目“D:\Projects\renderdoc\renderdoc\driver\ihv\amd\AMD.vcxproj”(Rebuild 个目标)的操作。
    15>ClCompile:
         gl_rendermesh.cpp
         gl_renderstate.cpp
         gl_rendertext.cpp
         gl_rendertexture.cpp
    14>ClCompile:
         vk_layer.cpp
         vk_common.cpp
    15>ClCompile:
         gl_replay.cpp
    14>ClCompile:
         vk_core.cpp
    15>ClCompile:
         gl_resources.cpp
         gl_shader_refl.cpp
         gl_stringise.cpp
    14>ClCompile:
         vk_debug.cpp
         vk_info.cpp
    15>ClCompile:
         wgl_platform.cpp
    14>ClCompile:
         vk_manager.cpp
    15>ClCompile:
         gl_buffer_funcs.cpp
    16>Lib:
         D:\Program Files\Microsoft VisualStudio\VisualStudio 2026\VC\Tools\MSVC\14.50.35717\bin\HostX86\x64\Lib.exe /OUT:"D:\Projects\renderdoc\x64\Development\driver_d3d12.lib" /NOLOGO /MACHINE:X64 D:\Projects\renderdoc\x64\Development\obj\d3d12\d3d12_commands.obj
         D:\Projects\renderdoc\x64\Development\obj\d3d12\d3d12_command_list10_wrap.obj
         D:\Projects\renderdoc\x64\Development\obj\d3d12\d3d12_command_list1_wrap.obj
         D:\Projects\renderdoc\x64\Development\obj\d3d12\d3d12_command_list2_wrap.obj
         D:\Projects\renderdoc\x64\Development\obj\d3d12\d3d12_command_list3_wrap.obj
         D:\Projects\renderdoc\x64\Development\obj\d3d12\d3d12_command_list4_wrap.obj
         D:\Projects\renderdoc\x64\Development\obj\d3d12\d3d12_command_list5_wrap.obj
         D:\Projects\renderdoc\x64\Development\obj\d3d12\d3d12_command_list6_wrap.obj
         D:\Projects\renderdoc\x64\Development\obj\d3d12\d3d12_command_list7_wrap.obj
         D:\Projects\renderdoc\x64\Development\obj\d3d12\d3d12_command_list8_wrap.obj
         D:\Projects\renderdoc\x64\Development\obj\d3d12\d3d12_command_list9_wrap.obj
         D:\Projects\renderdoc\x64\Development\obj\d3d12\d3d12_command_list_wrap.obj
         D:\Projects\renderdoc\x64\Development\obj\d3d12\d3d12_command_queue_wrap.obj
         D:\Projects\renderdoc\x64\Development\obj\d3d12\d3d12_common.obj
         D:\Projects\renderdoc\x64\Development\obj\d3d12\d3d12_counters.obj
         D:\Projects\renderdoc\x64\Development\obj\d3d12\d3d12_debug.obj
         D:\Projects\renderdoc\x64\Development\obj\d3d12\d3d12_device.obj
         D:\Projects\renderdoc\x64\Development\obj\d3d12\d3d12_device_rescreate_wrap.obj
         D:\Projects\renderdoc\x64\Development\obj\d3d12\d3d12_device_wrap.obj
         D:\Projects\renderdoc\x64\Development\obj\d3d12\d3d12_device_wrap1.obj
         D:\Projects\renderdoc\x64\Development\obj\d3d12\d3d12_device_wrap11.obj
         D:\Projects\renderdoc\x64\Development\obj\d3d12\d3d12_device_wrap12.obj
         D:\Projects\renderdoc\x64\Development\obj\d3d12\d3d12_device_wrap13.obj
         D:\Projects\renderdoc\x64\Development\obj\d3d12\d3d12_device_wrap14.obj
         D:\Projects\renderdoc\x64\Development\obj\d3d12\d3d12_device_wrap15.obj
         D:\Projects\renderdoc\x64\Development\obj\d3d12\d3d12_device_wrap2.obj
         D:\Projects\renderdoc\x64\Development\obj\d3d12\d3d12_device_wrap3.obj
         D:\Projects\renderdoc\x64\Development\obj\d3d12\d3d12_device_wrap4.obj
         D:\Projects\renderdoc\x64\Development\obj\d3d12\d3d12_device_wrap5.obj
         D:\Projects\renderdoc\x64\Development\obj\d3d12\d3d12_device_wrap6.obj
         D:\Projects\renderdoc\x64\Development\obj\d3d12\d3d12_device_wrap7.obj
         D:\Projects\renderdoc\x64\Development\obj\d3d12\d3d12_device_wrap8.obj
         D:\Projects\renderdoc\x64\Development\obj\d3d12\d3d12_device_wrap9.obj
         D:\Projects\renderdoc\x64\Development\obj\d3d12\d3d12_dxil_debug.obj
         D:\Projects\renderdoc\x64\Development\obj\d3d12\d3d12_hooks.obj
         D:\Projects\renderdoc\x64\Development\obj\d3d12\d3d12_initstate.obj
         D:\Projects\renderdoc\x64\Development\obj\d3d12\d3d12_manager.obj
         D:\Projects\renderdoc\x64\Development\obj\d3d12\d3d12_msaa_array_conv.obj
         D:\Projects\renderdoc\x64\Development\obj\d3d12\d3d12_outputwindow.obj
         D:\Projects\renderdoc\x64\Development\obj\d3d12\d3d12_overlay.obj
         D:\Projects\renderdoc\x64\Development\obj\d3d12\d3d12_pixelhistory.obj
         D:\Projects\renderdoc\x64\Development\obj\d3d12\d3d12_postvs.obj
         D:\Projects\renderdoc\x64\Development\obj\d3d12\d3d12_rendermesh.obj
         D:\Projects\renderdoc\x64\Development\obj\d3d12\d3d12_rendertext.obj
         D:\Projects\renderdoc\x64\Development\obj\d3d12\d3d12_rendertexture.obj
         D:\Projects\renderdoc\x64\Development\obj\d3d12\d3d12_replay.obj
         D:\Projects\renderdoc\x64\Development\obj\d3d12\d3d12_resources.obj
         D:\Projects\renderdoc\x64\Development\obj\d3d12\d3d12_rootsig.obj
         D:\Projects\renderdoc\x64\Development\obj\d3d12\d3d12_sdk_select.obj
         D:\Projects\renderdoc\x64\Development\obj\d3d12\d3d12_serialise.obj
         D:\Projects\renderdoc\x64\Development\obj\d3d12\d3d12_shaderdebug.obj
         D:\Projects\renderdoc\x64\Development\obj\d3d12\d3d12_shader_cache.obj
         D:\Projects\renderdoc\x64\Development\obj\d3d12\d3d12_shader_feedback.obj
         D:\Projects\renderdoc\x64\Development\obj\d3d12\d3d12_state.obj
         D:\Projects\renderdoc\x64\Development\obj\d3d12\d3d12_stringise.obj
         D:\Projects\renderdoc\x64\Development\obj\d3d12\precompiled.obj
    15>ClCompile:
         gl_debug_funcs.cpp
    14>ClCompile:
         vk_pixelhistory.cpp
         vk_replay.cpp
    15>ClCompile:
         gl_draw_funcs.cpp
    14>ClCompile:
         vk_win32.cpp
    15>ClCompile:
         gl_emulated.cpp
         gl_framebuffer_funcs.cpp
         gl_get_funcs.cpp
    14>ClCompile:
         vk_resources.cpp
    15>ClCompile:
         gl_interop_funcs.cpp
    14>ClCompile:
         vk_acceleration_structure.cpp
    15>ClCompile:
         gl_query_funcs.cpp
     9>Lib:
         NV.vcxproj -> D:\Projects\renderdoc\x64\Development\driver_NV.lib
    15>ClCompile:
         gl_sampler_funcs.cpp
     9>FinalizeBuildStatus:
         正在删除文件“D:\Projects\renderdoc\x64\Development\obj\NV\NV.tlog\unsuccessfulbuild”。
         正在对“D:\Projects\renderdoc\x64\Development\obj\NV\NV.tlog\NV.lastbuildstate”执行 Touch 任务。
     9>已完成生成项目“D:\Projects\renderdoc\renderdoc\driver\ihv\nv\NV.vcxproj”(Rebuild 个目标)的操作。
    15>ClCompile:
         gl_shader_funcs.cpp
    14>ClCompile:
         vk_cmd_funcs.cpp
         vk_dynamic_funcs.cpp
    11>PrepareForBuild:
         已启用结构化输出。编译器诊断的格式设置将反映错误层次结构。有关详细信息，请参阅 https://aka.ms/cpp/structured-output。
       InitializeBuildStatus:
         正在创建“D:\Projects\renderdoc\x64\Development\obj\d3d11\d3d11.tlog\unsuccessfulbuild”，因为已指定“AlwaysCreate”。
         正在对“D:\Projects\renderdoc\x64\Development\obj\d3d11\d3d11.tlog\unsuccessfulbuild”执行 Touch 任务。
       ClCompile:
         D:\Program Files\Microsoft VisualStudio\VisualStudio 2026\VC\Tools\MSVC\14.50.35717\bin\HostX86\x64\CL.exe /c /ID:\Projects\renderdoc\renderdoc\ /ID:\Projects\renderdoc\renderdoc\3rdparty\ /Zi /JMC /nologo /W4 /WX /diagnostics:column /MP /Od /D RENDERDOC_EXPORTS /D RENDERDOC_PLATFORM_WIN32 /D WIN32 /D NDEBUG /D _WINDOWS /D _USRDLL /D WIN64 /D _UNICODE /D UNICODE /Gm- /EHsc /MD /GS- /fp:precise /Zc:wchar_t /Zc:forScope /Zc:inline /GR- /Yc"precompiled.h" /Fp"D:\Projects\renderdoc\x64\Development\obj\d3d11\driver_d3d11.pch" /Fo"D:\Projects\renderdoc\x64\Development\obj\d3d11\\" /Fd"D:\Projects\renderdoc\x64\Development\driver_d3d11.pdb" /external:W4 /Gd /TP /wd4100 /FIprecompiled.h /FC /errorReport:queue /w44062 /w44840 /experimental:deterministic /pathmap:"D:\Projects\renderdoc\renderdoc"=R:\RenderDicSrc\core /pathmap:"D:\Projects\renderdoc\qrenderdoc"=R:\RenderDicSrc\ui /pathmap:"D:\Projects\renderdoc\renderdoccmd"=R:\RenderDicSrc\cmd /pathmap:"D:\Projects\renderdoc\renderdocshim"=R:\RenderDicSrc\shim /pathmap:"D:\Projects\renderdoc"=R:\RenderDicSrc precompiled.cpp
    15>ClCompile:
         gl_state_funcs.cpp
         gl_texture_funcs.cpp
         gl_uniform_funcs.cpp
    14>ClCompile:
         vk_descriptor_funcs.cpp
         vk_device_funcs.cpp
         vk_draw_funcs.cpp
         vk_get_funcs.cpp
         vk_misc_funcs.cpp
    11>ClCompile:
         precompiled.cpp
    14>ClCompile:
         vk_queue_funcs.cpp
    16>Lib:
         renderdoc_d3d12.vcxproj -> D:\Projects\renderdoc\x64\Development\driver_d3d12.lib
    14>ClCompile:
         vk_resource_funcs.cpp
         vk_shader_funcs.cpp
         vk_sync_funcs.cpp
    16>FinalizeBuildStatus:
         正在删除文件“D:\Projects\renderdoc\x64\Development\obj\d3d12\d3d12.tlog\unsuccessfulbuild”。
         正在对“D:\Projects\renderdoc\x64\Development\obj\d3d12\d3d12.tlog\d3d12.lastbuildstate”执行 Touch 任务。
    16>已完成生成项目“D:\Projects\renderdoc\renderdoc\driver\d3d12\renderdoc_d3d12.vcxproj”(Rebuild 个目标)的操作。
    14>ClCompile:
         vk_wsi_funcs.cpp
    11>ClCompile:
         D:\Program Files\Microsoft VisualStudio\VisualStudio 2026\VC\Tools\MSVC\14.50.35717\bin\HostX86\x64\CL.exe /c /ID:\Projects\renderdoc\renderdoc\ /ID:\Projects\renderdoc\renderdoc\3rdparty\ /Zi /JMC /nologo /W4 /WX /diagnostics:column /MP /Od /D RENDERDOC_EXPORTS /D RENDERDOC_PLATFORM_WIN32 /D WIN32 /D NDEBUG /D _WINDOWS /D _USRDLL /D WIN64 /D _UNICODE /D UNICODE /Gm- /EHsc /MD /GS- /fp:precise /Zc:wchar_t /Zc:forScope /Zc:inline /GR- /Yu"precompiled.h" /Fp"D:\Projects\renderdoc\x64\Development\obj\d3d11\driver_d3d11.pch" /Fo"D:\Projects\renderdoc\x64\Development\obj\d3d11\\" /Fd"D:\Projects\renderdoc\x64\Development\driver_d3d11.pdb" /external:W4 /Gd /TP /wd4100 /FIprecompiled.h /FC /errorReport:queue /w44062 /w44840 /experimental:deterministic /pathmap:"D:\Projects\renderdoc\renderdoc"=R:\RenderDicSrc\core /pathmap:"D:\Projects\renderdoc\qrenderdoc"=R:\RenderDicSrc\ui /pathmap:"D:\Projects\renderdoc\renderdoccmd"=R:\RenderDicSrc\cmd /pathmap:"D:\Projects\renderdoc\renderdocshim"=R:\RenderDicSrc\shim /pathmap:"D:\Projects\renderdoc"=R:\RenderDicSrc d3d11_common.cpp d3d11_msaa_array_conv.cpp d3d11_outputwindow.cpp d3d11_overlay.cpp d3d11_pixelhistory.cpp d3d11_postvs.cpp d3d11_rendermesh.cpp d3d11_rendertext.cpp d3d11_rendertexture.cpp d3d11_serialise.cpp d3d11_context.cpp d3d11_context1_wrap.cpp d3d11_context2_wrap.cpp d3d11_context3_wrap.cpp d3d11_context_wrap.cpp d3d11_counters.cpp d3d11_debug.cpp d3d11_device.cpp d3d11_device1_wrap.cpp d3d11_device2_wrap.cpp d3d11_device3_wrap.cpp d3d11_device_wrap.cpp d3d11_hooks.cpp d3d11_initstate.cpp d3d11_manager.cpp d3d11_renderstate.cpp d3d11_replay.cpp d3d11_resources.cpp d3d11_shader_cache.cpp d3d11_shaderdebug.cpp d3d11_stringise.cpp d3d11_video.cpp d3d9_hooks.cpp
         d3d11_common.cpp
         d3d11_msaa_array_conv.cpp
         d3d11_outputwindow.cpp
         d3d11_overlay.cpp
         d3d11_pixelhistory.cpp
         d3d11_postvs.cpp
         d3d11_rendermesh.cpp
         d3d11_rendertext.cpp
    15>Lib:
         D:\Program Files\Microsoft VisualStudio\VisualStudio 2026\VC\Tools\MSVC\14.50.35717\bin\HostX86\x64\Lib.exe /OUT:"D:\Projects\renderdoc\x64\Development\driver_gl.lib" /NOLOGO /MACHINE:X64 D:\Projects\renderdoc\x64\Development\obj\gl\egl_platform.obj
         D:\Projects\renderdoc\x64\Development\obj\gl\egl_hooks.obj
         D:\Projects\renderdoc\x64\Development\obj\gl\gl_common.obj
         D:\Projects\renderdoc\x64\Development\obj\gl\gl_counters.obj
         D:\Projects\renderdoc\x64\Development\obj\gl\gl_debug.obj
         D:\Projects\renderdoc\x64\Development\obj\gl\gl_driver.obj
         D:\Projects\renderdoc\x64\Development\obj\gl\gl_hooks.obj
         D:\Projects\renderdoc\x64\Development\obj\gl\gl_pixelhistory.obj
         D:\Projects\renderdoc\x64\Development\obj\gl\gl_shaderdebug.obj
         D:\Projects\renderdoc\x64\Development\obj\gl\wgl_hooks.obj
         D:\Projects\renderdoc\x64\Development\obj\gl\gl_initstate.obj
         D:\Projects\renderdoc\x64\Development\obj\gl\gl_manager.obj
         D:\Projects\renderdoc\x64\Development\obj\gl\gl_msaa_array_conv.obj
         D:\Projects\renderdoc\x64\Development\obj\gl\gl_outputwindow.obj
         D:\Projects\renderdoc\x64\Development\obj\gl\gl_overlay.obj
         D:\Projects\renderdoc\x64\Development\obj\gl\gl_postvs.obj
         D:\Projects\renderdoc\x64\Development\obj\gl\gl_program_iterate.obj
         D:\Projects\renderdoc\x64\Development\obj\gl\gl_rendermesh.obj
         D:\Projects\renderdoc\x64\Development\obj\gl\gl_renderstate.obj
         D:\Projects\renderdoc\x64\Development\obj\gl\gl_rendertext.obj
         D:\Projects\renderdoc\x64\Development\obj\gl\gl_rendertexture.obj
         D:\Projects\renderdoc\x64\Development\obj\gl\gl_replay.obj
         D:\Projects\renderdoc\x64\Development\obj\gl\gl_resources.obj
         D:\Projects\renderdoc\x64\Development\obj\gl\gl_shader_refl.obj
         D:\Projects\renderdoc\x64\Development\obj\gl\gl_stringise.obj
         D:\Projects\renderdoc\x64\Development\obj\gl\precompiled.obj
         D:\Projects\renderdoc\x64\Development\obj\gl\wgl_platform.obj
         D:\Projects\renderdoc\x64\Development\obj\gl\gl_buffer_funcs.obj
         D:\Projects\renderdoc\x64\Development\obj\gl\gl_debug_funcs.obj
         D:\Projects\renderdoc\x64\Development\obj\gl\gl_draw_funcs.obj
         D:\Projects\renderdoc\x64\Development\obj\gl\gl_emulated.obj
         D:\Projects\renderdoc\x64\Development\obj\gl\gl_framebuffer_funcs.obj
         D:\Projects\renderdoc\x64\Development\obj\gl\gl_get_funcs.obj
         D:\Projects\renderdoc\x64\Development\obj\gl\gl_interop_funcs.obj
         D:\Projects\renderdoc\x64\Development\obj\gl\gl_query_funcs.obj
         D:\Projects\renderdoc\x64\Development\obj\gl\gl_sampler_funcs.obj
         D:\Projects\renderdoc\x64\Development\obj\gl\gl_shader_funcs.obj
         D:\Projects\renderdoc\x64\Development\obj\gl\gl_state_funcs.obj
         D:\Projects\renderdoc\x64\Development\obj\gl\gl_texture_funcs.obj
         D:\Projects\renderdoc\x64\Development\obj\gl\gl_uniform_funcs.obj
    11>ClCompile:
         d3d11_rendertexture.cpp
         d3d11_serialise.cpp
         d3d11_context.cpp
         d3d11_context1_wrap.cpp
         d3d11_context2_wrap.cpp
         d3d11_context3_wrap.cpp
         d3d11_context_wrap.cpp
         d3d11_counters.cpp
         d3d11_debug.cpp
    15>Lib:
         renderdoc_gl.vcxproj -> D:\Projects\renderdoc\x64\Development\driver_gl.lib
    11>ClCompile:
         d3d11_device.cpp
    15>FinalizeBuildStatus:
         正在删除文件“D:\Projects\renderdoc\x64\Development\obj\gl\gl.tlog\unsuccessfulbuild”。
         正在对“D:\Projects\renderdoc\x64\Development\obj\gl\gl.tlog\gl.lastbuildstate”执行 Touch 任务。
    11>ClCompile:
         d3d11_device1_wrap.cpp
         d3d11_device2_wrap.cpp
    15>已完成生成项目“D:\Projects\renderdoc\renderdoc\driver\gl\renderdoc_gl.vcxproj”(Rebuild 个目标)的操作。
    11>ClCompile:
         d3d11_device3_wrap.cpp
         d3d11_device_wrap.cpp
         d3d11_hooks.cpp
         d3d11_initstate.cpp
         d3d11_manager.cpp
         d3d11_renderstate.cpp
         d3d11_replay.cpp
         d3d11_resources.cpp
    14>ClCompile:
         D:\Program Files\Microsoft VisualStudio\VisualStudio 2026\VC\Tools\MSVC\14.50.35717\bin\HostX86\x64\CL.exe /c /ID:\Projects\renderdoc\renderdoc\ /ID:\Projects\renderdoc\renderdoc\3rdparty\ /Zi /JMC /nologo /W4 /WX /diagnostics:column /MP /Od /D VK_USE_PLATFORM_WIN32_KHR /D RENDERDOC_EXPORTS /D RENDERDOC_PLATFORM_WIN32 /D WIN32 /D NDEBUG /D _WINDOWS /D _USRDLL /D WIN64 /D _UNICODE /D UNICODE /Gm- /EHsc /MD /GS- /fp:precise /Zc:wchar_t /Zc:forScope /Zc:inline /GR- /Yu"precompiled.h" /Fp"D:\Projects\renderdoc\x64\Development\obj\vulkan\driver_vulkan.pch" /Fo"D:\Projects\renderdoc\x64\Development\obj\vulkan\\" /Fd"D:\Projects\renderdoc\x64\Development\driver_vulkan.pdb" /external:W4 /Gd /TP /wd4100 /FIprecompiled.h /FC /errorReport:queue /bigobj /w44062 /w44840 /experimental:deterministic /pathmap:"D:\Projects\renderdoc\renderdoc"=R:\RenderDicSrc\core /pathmap:"D:\Projects\renderdoc\qrenderdoc"=R:\RenderDicSrc\ui /pathmap:"D:\Projects\renderdoc\renderdoccmd"=R:\RenderDicSrc\cmd /pathmap:"D:\Projects\renderdoc\renderdocshim"=R:\RenderDicSrc\shim /pathmap:"D:\Projects\renderdoc"=R:\RenderDicSrc vk_serialise.cpp
    11>ClCompile:
         d3d11_shader_cache.cpp
    14>ClCompile:
         vk_serialise.cpp
    11>ClCompile:
         d3d11_shaderdebug.cpp
         d3d11_stringise.cpp
         d3d11_video.cpp
         d3d9_hooks.cpp
       Lib:
         D:\Program Files\Microsoft VisualStudio\VisualStudio 2026\VC\Tools\MSVC\14.50.35717\bin\HostX86\x64\Lib.exe /OUT:"D:\Projects\renderdoc\x64\Development\driver_d3d11.lib" /NOLOGO /MACHINE:X64 D:\Projects\renderdoc\x64\Development\obj\d3d11\d3d11_common.obj
         D:\Projects\renderdoc\x64\Development\obj\d3d11\d3d11_msaa_array_conv.obj
         D:\Projects\renderdoc\x64\Development\obj\d3d11\d3d11_outputwindow.obj
         D:\Projects\renderdoc\x64\Development\obj\d3d11\d3d11_overlay.obj
         D:\Projects\renderdoc\x64\Development\obj\d3d11\d3d11_pixelhistory.obj
         D:\Projects\renderdoc\x64\Development\obj\d3d11\d3d11_postvs.obj
         D:\Projects\renderdoc\x64\Development\obj\d3d11\d3d11_rendermesh.obj
         D:\Projects\renderdoc\x64\Development\obj\d3d11\d3d11_rendertext.obj
         D:\Projects\renderdoc\x64\Development\obj\d3d11\d3d11_rendertexture.obj
         D:\Projects\renderdoc\x64\Development\obj\d3d11\d3d11_serialise.obj
         D:\Projects\renderdoc\x64\Development\obj\d3d11\d3d11_context.obj
         D:\Projects\renderdoc\x64\Development\obj\d3d11\d3d11_context1_wrap.obj
         D:\Projects\renderdoc\x64\Development\obj\d3d11\d3d11_context2_wrap.obj
         D:\Projects\renderdoc\x64\Development\obj\d3d11\d3d11_context3_wrap.obj
         D:\Projects\renderdoc\x64\Development\obj\d3d11\d3d11_context_wrap.obj
         D:\Projects\renderdoc\x64\Development\obj\d3d11\d3d11_counters.obj
         D:\Projects\renderdoc\x64\Development\obj\d3d11\d3d11_debug.obj
         D:\Projects\renderdoc\x64\Development\obj\d3d11\d3d11_device.obj
         D:\Projects\renderdoc\x64\Development\obj\d3d11\d3d11_device1_wrap.obj
         D:\Projects\renderdoc\x64\Development\obj\d3d11\d3d11_device2_wrap.obj
         D:\Projects\renderdoc\x64\Development\obj\d3d11\d3d11_device3_wrap.obj
         D:\Projects\renderdoc\x64\Development\obj\d3d11\d3d11_device_wrap.obj
         D:\Projects\renderdoc\x64\Development\obj\d3d11\d3d11_hooks.obj
         D:\Projects\renderdoc\x64\Development\obj\d3d11\d3d11_initstate.obj
         D:\Projects\renderdoc\x64\Development\obj\d3d11\d3d11_manager.obj
         D:\Projects\renderdoc\x64\Development\obj\d3d11\d3d11_renderstate.obj
         D:\Projects\renderdoc\x64\Development\obj\d3d11\d3d11_replay.obj
         D:\Projects\renderdoc\x64\Development\obj\d3d11\d3d11_resources.obj
         D:\Projects\renderdoc\x64\Development\obj\d3d11\d3d11_shader_cache.obj
         D:\Projects\renderdoc\x64\Development\obj\d3d11\d3d11_shaderdebug.obj
         D:\Projects\renderdoc\x64\Development\obj\d3d11\d3d11_stringise.obj
         D:\Projects\renderdoc\x64\Development\obj\d3d11\d3d11_video.obj
         D:\Projects\renderdoc\x64\Development\obj\d3d11\d3d9_hooks.obj
         D:\Projects\renderdoc\x64\Development\obj\d3d11\precompiled.obj
         renderdoc_d3d11.vcxproj -> D:\Projects\renderdoc\x64\Development\driver_d3d11.lib
       FinalizeBuildStatus:
         正在删除文件“D:\Projects\renderdoc\x64\Development\obj\d3d11\d3d11.tlog\unsuccessfulbuild”。
         正在对“D:\Projects\renderdoc\x64\Development\obj\d3d11\d3d11.tlog\d3d11.lastbuildstate”执行 Touch 任务。
    11>已完成生成项目“D:\Projects\renderdoc\renderdoc\driver\d3d11\renderdoc_d3d11.vcxproj”(Rebuild 个目标)的操作。
    14>Lib:
         D:\Program Files\Microsoft VisualStudio\VisualStudio 2026\VC\Tools\MSVC\14.50.35717\bin\HostX86\x64\Lib.exe /OUT:"D:\Projects\renderdoc\x64\Development\driver_vulkan.lib" /NOLOGO /MACHINE:X64 D:\Projects\renderdoc\x64\Development\obj\vulkan\imagestate_tests.obj
         D:\Projects\renderdoc\x64\Development\obj\vulkan\imgrefs_tests.obj
         D:\Projects\renderdoc\x64\Development\obj\vulkan\precompiled.obj
         D:\Projects\renderdoc\x64\Development\obj\vulkan\vk_msaa_buffer_conv.obj
         D:\Projects\renderdoc\x64\Development\obj\vulkan\vk_shader_feedback.obj
         D:\Projects\renderdoc\x64\Development\obj\vulkan\vk_image_states.obj
         D:\Projects\renderdoc\x64\Development\obj\vulkan\vk_next_chains.obj
         D:\Projects\renderdoc\x64\Development\obj\vulkan\vk_outputwindow.obj
         D:\Projects\renderdoc\x64\Development\obj\vulkan\vk_overlay.obj
         D:\Projects\renderdoc\x64\Development\obj\vulkan\vk_postvs.obj
         D:\Projects\renderdoc\x64\Development\obj\vulkan\vk_rendermesh.obj
         D:\Projects\renderdoc\x64\Development\obj\vulkan\vk_rendertext.obj
         D:\Projects\renderdoc\x64\Development\obj\vulkan\vk_rendertexture.obj
         D:\Projects\renderdoc\x64\Development\obj\vulkan\vk_serialise.obj
         D:\Projects\renderdoc\x64\Development\obj\vulkan\vk_shaderdebug.obj
         D:\Projects\renderdoc\x64\Development\obj\vulkan\vk_shader_cache.obj
         D:\Projects\renderdoc\x64\Development\obj\vulkan\vk_stringise.obj
         D:\Projects\renderdoc\x64\Development\obj\vulkan\vk_counters.obj
         D:\Projects\renderdoc\x64\Development\obj\vulkan\vk_dispatchtables.obj
         D:\Projects\renderdoc\x64\Development\obj\vulkan\vk_initstate.obj
         D:\Projects\renderdoc\x64\Development\obj\vulkan\vk_memory.obj
         D:\Projects\renderdoc\x64\Development\obj\vulkan\vk_state.obj
         D:\Projects\renderdoc\x64\Development\obj\vulkan\vk_layer.obj
         D:\Projects\renderdoc\x64\Development\obj\vulkan\vk_common.obj
         D:\Projects\renderdoc\x64\Development\obj\vulkan\vk_core.obj
         D:\Projects\renderdoc\x64\Development\obj\vulkan\vk_debug.obj
         D:\Projects\renderdoc\x64\Development\obj\vulkan\vk_info.obj
         D:\Projects\renderdoc\x64\Development\obj\vulkan\vk_manager.obj
         D:\Projects\renderdoc\x64\Development\obj\vulkan\vk_pixelhistory.obj
         D:\Projects\renderdoc\x64\Development\obj\vulkan\vk_replay.obj
         D:\Projects\renderdoc\x64\Development\obj\vulkan\vk_win32.obj
         D:\Projects\renderdoc\x64\Development\obj\vulkan\vk_resources.obj
         D:\Projects\renderdoc\x64\Development\obj\vulkan\vk_acceleration_structure.obj
         D:\Projects\renderdoc\x64\Development\obj\vulkan\vk_cmd_funcs.obj
         D:\Projects\renderdoc\x64\Development\obj\vulkan\vk_dynamic_funcs.obj
         D:\Projects\renderdoc\x64\Development\obj\vulkan\vk_descriptor_funcs.obj
         D:\Projects\renderdoc\x64\Development\obj\vulkan\vk_device_funcs.obj
         D:\Projects\renderdoc\x64\Development\obj\vulkan\vk_draw_funcs.obj
         D:\Projects\renderdoc\x64\Development\obj\vulkan\vk_get_funcs.obj
         D:\Projects\renderdoc\x64\Development\obj\vulkan\vk_misc_funcs.obj
         D:\Projects\renderdoc\x64\Development\obj\vulkan\vk_queue_funcs.obj
         D:\Projects\renderdoc\x64\Development\obj\vulkan\vk_resource_funcs.obj
         D:\Projects\renderdoc\x64\Development\obj\vulkan\vk_shader_funcs.obj
         D:\Projects\renderdoc\x64\Development\obj\vulkan\vk_sync_funcs.obj
         D:\Projects\renderdoc\x64\Development\obj\vulkan\vk_wsi_funcs.obj
         renderdoc_vulkan.vcxproj -> D:\Projects\renderdoc\x64\Development\driver_vulkan.lib
       FinalizeBuildStatus:
         正在删除文件“D:\Projects\renderdoc\x64\Development\obj\vulkan\vulkan.tlog\unsuccessfulbuild”。
         正在对“D:\Projects\renderdoc\x64\Development\obj\vulkan\vulkan.tlog\vulkan.lastbuildstate”执行 Touch 任务。
    14>已完成生成项目“D:\Projects\renderdoc\renderdoc\driver\vulkan\renderdoc_vulkan.vcxproj”(Rebuild 个目标)的操作。
    21>已完成生成项目“D:\Projects\renderdoc\renderdoc\renderdoc.vcxproj”(Clean 个目标)的操作。
     2>项目“D:\Projects\renderdoc\renderdoc\renderdoc.vcxproj.metaproj”(2)正在节点 7 上生成“D:\Projects\renderdoc\renderdoc\renderdoc.vcxproj”(21:2) (Rebuild 个目标)。
    21>_bakeShaders:
       正在跳过目标“_bakeShaders”，因为所有输出文件相对于输入文件而言都是最新的。
       _jsonProcess:
         Processing layer JSON file for RenderDic 1.46
       PrepareForBuild:
         已启用结构化输出。编译器诊断的格式设置将反映错误层次结构。有关详细信息，请参阅 https://aka.ms/cpp/structured-output。
       InitializeBuildStatus:
         正在创建“D:\Projects\renderdoc\x64\Development\obj\renderdic\renderdic.tlog\unsuccessfulbuild”，因为已指定“AlwaysCreate”。
         正在对“D:\Projects\renderdoc\x64\Development\obj\renderdic\renderdic.tlog\unsuccessfulbuild”执行 Touch 任务。
       ClCompile:
         D:\Program Files\Microsoft VisualStudio\VisualStudio 2026\VC\Tools\MSVC\14.50.35717\bin\HostX64\x64\CL.exe /c /ID:\Projects\renderdoc\renderdoc\ /ID:\Projects\renderdoc\renderdoc\3rdparty\ /Zi /JMC /nologo /W4 /WX /diagnostics:column /MP /Od /D RDOC_BASE_NAME=renderdic /D RENDERDOC_EXPORTS /D RENDERDOC_PLATFORM_WIN32 /D WIN32 /D NDEBUG /D _WINDOWS /D _USRDLL /D WIN64 /D _WINDLL /D _UNICODE /D UNICODE /Gm- /EHsc /MD /GS- /fp:precise /Zc:wchar_t /Zc:forScope /Zc:inline /GR- /Yc"precompiled.h" /Fp"D:\Projects\renderdoc\x64\Development\obj\renderdic\renderdic.pch" /Fo"D:\Projects\renderdoc\x64\Development\obj\renderdic\\" /Fd"D:\Projects\renderdoc\x64\Development\obj\renderdic\vc145.pdb" /external:W4 /Gd /TP /wd4100 /FIprecompiled.h /FC /errorReport:queue /w44062 /w44840 /experimental:deterministic /pathmap:"D:\Projects\renderdoc\renderdoc"=R:\RenderDicSrc\core /pathmap:"D:\Projects\renderdoc\qrenderdoc"=R:\RenderDicSrc\ui /pathmap:"D:\Projects\renderdoc\renderdoccmd"=R:\RenderDicSrc\cmd /pathmap:"D:\Projects\renderdoc\renderdocshim"=R:\RenderDicSrc\shim /pathmap:"D:\Projects\renderdoc"=R:\RenderDicSrc core\precompiled.cpp
         precompiled.cpp
         D:\Program Files\Microsoft VisualStudio\VisualStudio 2026\VC\Tools\MSVC\14.50.35717\bin\HostX64\x64\CL.exe /c /ID:\Projects\renderdoc\renderdoc\ /ID:\Projects\renderdoc\renderdoc\3rdparty\ /Zi /JMC /nologo /W4 /WX /diagnostics:column /MP /Od /D RDOC_BASE_NAME=renderdic /D RENDERDOC_EXPORTS /D RENDERDOC_PLATFORM_WIN32 /D WIN32 /D NDEBUG /D _WINDOWS /D _USRDLL /D WIN64 /D _WINDLL /D _UNICODE /D UNICODE /Gm- /EHsc /MD /GS- /fp:precise /Zc:wchar_t /Zc:forScope /Zc:inline /GR- /Yu"precompiled.h" /Fp"D:\Projects\renderdoc\x64\Development\obj\renderdic\renderdic.pch" /Fo"D:\Projects\renderdoc\x64\Development\obj\renderdic\\" /Fd"D:\Projects\renderdoc\x64\Development\obj\renderdic\vc145.pdb" /external:W4 /Gd /TP /wd4100 /FIprecompiled.h /FC /errorReport:queue /w44062 /w44840 /experimental:deterministic /pathmap:"D:\Projects\renderdoc\renderdoc"=R:\RenderDicSrc\core /pathmap:"D:\Projects\renderdoc\qrenderdoc"=R:\RenderDicSrc\ui /pathmap:"D:\Projects\renderdoc\renderdoccmd"=R:\RenderDicSrc\cmd /pathmap:"D:\Projects\renderdoc\renderdocshim"=R:\RenderDicSrc\shim /pathmap:"D:\Projects\renderdoc"=R:\RenderDicSrc 3rdparty\catch\catch.cpp 3rdparty\compressonator\BC1_Encode_kernel.cpp 3rdparty\compressonator\BC2_Encode_kernel.cpp 3rdparty\compressonator\BC3_Encode_kernel.cpp 3rdparty\compressonator\BC4_Encode_kernel.cpp 3rdparty\compressonator\BC5_Encode_kernel.cpp 3rdparty\compressonator\BC6_Encode_kernel.cpp 3rdparty\compressonator\BC7_Encode_Kernel.cpp 3rdparty\superluminal\superluminal.cpp android\android.cpp android\android_tools.cpp android\android_utils.cpp android\jdwp.cpp android\jdwp_connection.cpp android\jdwp_util.cpp common\common.cpp common\dds_readwrite.cpp common\jobsystem.cpp common\jobsystem_tests.cpp common\threading_tests.cpp core\bit_flag_iterator_tests.cpp core\gpu_address_range_tracker.cpp core\settings.cpp core\image_viewer.cpp core\intervals_tests.cpp core\plugins.cpp core\sparse_page_table.cpp core\target_control.cpp core\remote_server.cpp core\replay_proxy.cpp core\resource_manager.cpp data\glsl_shaders.cpp hooks\hooks.cpp maths\camera.cpp maths\formatpacking.cpp maths\matrix.cpp maths\vec.cpp os\os_specific.cpp os\win32\sys_win32_hooks.cpp os\win32\win32_callstack.cpp os\win32\win32_hook.cpp os\win32\win32_libentry.cpp os\win32\win32_network.cpp os\win32\win32_process.cpp os\win32\win32_shellext.cpp os\win32\win32_stringio.cpp os\win32\win32_threading.cpp replay\app_api.cpp replay\basic_types_tests.cpp replay\capture_file.cpp replay\capture_options.cpp replay\dummy_driver.cpp replay\entry_points.cpp replay\replay_driver.cpp replay\replay_output.cpp replay\replay_controller.cpp serialise\codecs\chrome_json_codec.cpp serialise\codecs\xml_codec.cpp serialise\comp_io_tests.cpp serialise\lz4io.cpp serialise\rdcfile.cpp serialise\serialiser.cpp serialise\serialiser_tests.cpp serialise\streamio.cpp serialise\streamio_tests.cpp serialise\zstdio.cpp shaders\controlflow.cpp strings\grisu2.cpp strings\string_utils.cpp strings\utf8printf.cpp
         catch.cpp
         BC1_Encode_kernel.cpp
         BC2_Encode_kernel.cpp
         BC3_Encode_kernel.cpp
         BC4_Encode_kernel.cpp
         BC5_Encode_kernel.cpp
         BC6_Encode_kernel.cpp
         BC7_Encode_Kernel.cpp
         superluminal.cpp
         android.cpp
         android_tools.cpp
         android_utils.cpp
         jdwp.cpp
         jdwp_connection.cpp
         jdwp_util.cpp
         common.cpp
         dds_readwrite.cpp
         jobsystem.cpp
         jobsystem_tests.cpp
         threading_tests.cpp
         bit_flag_iterator_tests.cpp
         gpu_address_range_tracker.cpp
         settings.cpp
         image_viewer.cpp
         intervals_tests.cpp
         plugins.cpp
         sparse_page_table.cpp
         target_control.cpp
         remote_server.cpp
         replay_proxy.cpp
         resource_manager.cpp
         glsl_shaders.cpp
         hooks.cpp
         camera.cpp
         formatpacking.cpp
         matrix.cpp
         vec.cpp
         os_specific.cpp
         sys_win32_hooks.cpp
         win32_callstack.cpp
         win32_hook.cpp
         win32_libentry.cpp
         win32_network.cpp
         win32_process.cpp
         win32_shellext.cpp
         win32_stringio.cpp
         win32_threading.cpp
         app_api.cpp
         basic_types_tests.cpp
         capture_file.cpp
         capture_options.cpp
         dummy_driver.cpp
         entry_points.cpp
         replay_driver.cpp
         replay_output.cpp
         replay_controller.cpp
         chrome_json_codec.cpp
         xml_codec.cpp
         comp_io_tests.cpp
         lz4io.cpp
         rdcfile.cpp
         serialiser.cpp
         serialiser_tests.cpp
         streamio.cpp
         streamio_tests.cpp
         zstdio.cpp
         controlflow.cpp
         grisu2.cpp
         string_utils.cpp
         utf8printf.cpp
         D:\Program Files\Microsoft VisualStudio\VisualStudio 2026\VC\Tools\MSVC\14.50.35717\bin\HostX64\x64\CL.exe /c /ID:\Projects\renderdoc\renderdoc\ /ID:\Projects\renderdoc\renderdoc\3rdparty\ /Zi /JMC /nologo /W4 /WX /diagnostics:column /MP /O2 /Oi /D RDOC_BASE_NAME=renderdic /D RENDERDOC_EXPORTS /D RENDERDOC_PLATFORM_WIN32 /D WIN32 /D NDEBUG /D _WINDOWS /D _USRDLL /D WIN64 /D _WINDLL /D _UNICODE /D UNICODE /Gm- /EHsc /MD /GS- /Gy /fp:precise /Zc:wchar_t /Zc:forScope /Zc:inline /GR- /Fo"D:\Projects\renderdoc\x64\Development\obj\renderdic\\" /Fd"D:\Projects\renderdoc\x64\Development\obj\renderdic\vc145.pdb" /external:W4 /Gd /TP /wd4100 /FC /errorReport:queue /w44062 /w44840 /experimental:deterministic /pathmap:"D:\Projects\renderdoc\renderdoc"=R:\RenderDicSrc\core /pathmap:"D:\Projects\renderdoc\qrenderdoc"=R:\RenderDicSrc\ui /pathmap:"D:\Projects\renderdoc\renderdoccmd"=R:\RenderDicSrc\cmd /pathmap:"D:\Projects\renderdoc\renderdocshim"=R:\RenderDicSrc\shim /pathmap:"D:\Projects\renderdoc"=R:\RenderDicSrc "3rdparty\jpeg-compressor\jpgd.cpp" "3rdparty\jpeg-compressor\jpge.cpp" 3rdparty\pugixml\pugixml.cpp
         jpgd.cpp
         jpge.cpp
         pugixml.cpp
         D:\Program Files\Microsoft VisualStudio\VisualStudio 2026\VC\Tools\MSVC\14.50.35717\bin\HostX64\x64\CL.exe /c /ID:\Projects\renderdoc\renderdoc\ /ID:\Projects\renderdoc\renderdoc\3rdparty\ /Zi /JMC /nologo /W4 /WX /diagnostics:column /MP /O2 /Oi /D RDOC_BASE_NAME=renderdic /D RENDERDOC_EXPORTS /D RENDERDOC_PLATFORM_WIN32 /D WIN32 /D NDEBUG /D _WINDOWS /D _USRDLL /D WIN64 /D _WINDLL /D _UNICODE /D UNICODE /Gm- /EHsc /MD /GS- /Gy /fp:precise /Zc:wchar_t /Zc:forScope /Zc:inline /GR- /Fo"D:\Projects\renderdoc\x64\Development\obj\renderdic\\" /Fd"D:\Projects\renderdoc\x64\Development\obj\renderdic\vc145.pdb" /external:W4 /Gd /TC /wd4100 /FC /errorReport:queue /w44062 /w44840 /experimental:deterministic /pathmap:"D:\Projects\renderdoc\renderdoc"=R:\RenderDicSrc\core /pathmap:"D:\Projects\renderdoc\qrenderdoc"=R:\RenderDicSrc\ui /pathmap:"D:\Projects\renderdoc\renderdoccmd"=R:\RenderDicSrc\cmd /pathmap:"D:\Projects\renderdoc\renderdocshim"=R:\RenderDicSrc\shim /pathmap:"D:\Projects\renderdoc"=R:\RenderDicSrc 3rdparty\lz4\lz4.c 3rdparty\md5\md5.c 3rdparty\stb\stb_impl.c 3rdparty\zstd\debug.c 3rdparty\zstd\hist.c 3rdparty\zstd\zstd_double_fast.c 3rdparty\zstd\zstd_fast.c 3rdparty\zstd\zstd_lazy.c 3rdparty\zstd\zstd_ldm.c 3rdparty\zstd\zstd_opt.c 3rdparty\zstd\entropy_common.c 3rdparty\zstd\error_private.c 3rdparty\zstd\fse_decompress.c 3rdparty\zstd\pool.c 3rdparty\zstd\threading.c 3rdparty\zstd\xxhash.c 3rdparty\zstd\zstd_common.c 3rdparty\zstd\fse_compress.c 3rdparty\zstd\huf_compress.c 3rdparty\zstd\zstdmt_compress.c 3rdparty\zstd\zstd_compress.c 3rdparty\zstd\huf_decompress.c 3rdparty\zstd\zstd_decompress.c
         lz4.c
         md5.c
         stb_impl.c
         debug.c
         hist.c
         zstd_double_fast.c
         zstd_fast.c
         zstd_lazy.c
         zstd_ldm.c
         zstd_opt.c
         entropy_common.c
         error_private.c
         fse_decompress.c
         pool.c
         threading.c
         xxhash.c
         zstd_common.c
         fse_compress.c
         huf_compress.c
         zstdmt_compress.c
         zstd_compress.c
         huf_decompress.c
         zstd_decompress.c
         D:\Program Files\Microsoft VisualStudio\VisualStudio 2026\VC\Tools\MSVC\14.50.35717\bin\HostX64\x64\CL.exe /c /ID:\Projects\renderdoc\renderdoc\ /ID:\Projects\renderdoc\renderdoc\3rdparty\ /Zi /JMC /nologo /W4 /WX /diagnostics:column /MP /O2 /Oi /D RDOC_BASE_NAME=renderdic /D RENDERDOC_EXPORTS /D RENDERDOC_PLATFORM_WIN32 /D WIN32 /D NDEBUG /D _WINDOWS /D _USRDLL /D WIN64 /D _WINDLL /D _UNICODE /D UNICODE /Gm- /EHsc /MD /GS- /Gy /fp:precise /Zc:wchar_t /Zc:forScope /Zc:inline /GR- /Fo"D:\Projects\renderdoc\x64\Development\obj\renderdic\\" /Fd"D:\Projects\renderdoc\x64\Development\obj\renderdic\vc145.pdb" /external:W4 /Gd /TC /wd4100 /wd4127 /FC /errorReport:queue /w44062 /w44840 /experimental:deterministic /pathmap:"D:\Projects\renderdoc\renderdoc"=R:\RenderDicSrc\core /pathmap:"D:\Projects\renderdoc\qrenderdoc"=R:\RenderDicSrc\ui /pathmap:"D:\Projects\renderdoc\renderdoccmd"=R:\RenderDicSrc\cmd /pathmap:"D:\Projects\renderdoc\renderdocshim"=R:\RenderDicSrc\shim /pathmap:"D:\Projects\renderdoc"=R:\RenderDicSrc 3rdparty\miniz\miniz.c
         miniz.c
         D:\Program Files\Microsoft VisualStudio\VisualStudio 2026\VC\Tools\MSVC\14.50.35717\bin\HostX64\x64\CL.exe /c /ID:\Projects\renderdoc\renderdoc\ /ID:\Projects\renderdoc\renderdoc\3rdparty\ /Zi /JMC /nologo /W4 /WX /diagnostics:column /MP /Od /D RDOC_BASE_NAME=renderdic /D RENDERDOC_EXPORTS /D RENDERDOC_PLATFORM_WIN32 /D WIN32 /D NDEBUG /D _WINDOWS /D _USRDLL /D WIN64 /D _WINDLL /D _UNICODE /D UNICODE /Gm- /EHsc /MD /GS- /fp:precise /Zc:wchar_t /Zc:forScope /Zc:inline /GR- /Fo"D:\Projects\renderdoc\x64\Development\obj\renderdic\\" /Fd"D:\Projects\renderdoc\x64\Development\obj\renderdic\vc145.pdb" /external:W4 /Gd /TP /wd4100 /FC /errorReport:queue /w44062 /w44840 /experimental:deterministic /pathmap:"D:\Projects\renderdoc\renderdoc"=R:\RenderDicSrc\core /pathmap:"D:\Projects\renderdoc\qrenderdoc"=R:\RenderDicSrc\ui /pathmap:"D:\Projects\renderdoc\renderdoccmd"=R:\RenderDicSrc\cmd /pathmap:"D:\Projects\renderdoc\renderdocshim"=R:\RenderDicSrc\shim /pathmap:"D:\Projects\renderdoc"=R:\RenderDicSrc 3rdparty\tinyexr\tinyexr.cpp
         tinyexr.cpp
         D:\Program Files\Microsoft VisualStudio\VisualStudio 2026\VC\Tools\MSVC\14.50.35717\bin\HostX64\x64\CL.exe /c /ID:\Projects\renderdoc\renderdoc\ /ID:\Projects\renderdoc\renderdoc\3rdparty\ /Zi /JMC /nologo /W4 /WX /diagnostics:column /MP /Od /D RDOC_BASE_NAME=renderdic /D RENDERDOC_EXPORTS /D RENDERDOC_PLATFORM_WIN32 /D WIN32 /D NDEBUG /D _WINDOWS /D _USRDLL /D WIN64 /D _WINDLL /D _UNICODE /D UNICODE /Gm- /EHsc /MD /GS- /fp:precise /Zc:wchar_t /Zc:forScope /Zc:inline /GR- /Fo"D:\Projects\renderdoc\x64\Development\obj\renderdic\\" /Fd"D:\Projects\renderdoc\x64\Development\obj\renderdic\vc145.pdb" /external:W4 /Gd /TC /wd4100 /FC /errorReport:queue /w44062 /w44840 /experimental:deterministic /pathmap:"D:\Projects\renderdoc\renderdoc"=R:\RenderDicSrc\core /pathmap:"D:\Projects\renderdoc\qrenderdoc"=R:\RenderDicSrc\ui /pathmap:"D:\Projects\renderdoc\renderdoccmd"=R:\RenderDicSrc\cmd /pathmap:"D:\Projects\renderdoc\renderdocshim"=R:\RenderDicSrc\shim /pathmap:"D:\Projects\renderdoc"=R:\RenderDicSrc 3rdparty\tinyfiledialogs\tinyfiledialogs.c
         tinyfiledialogs.c
         D:\Program Files\Microsoft VisualStudio\VisualStudio 2026\VC\Tools\MSVC\14.50.35717\bin\HostX64\x64\CL.exe /c /ID:\Projects\renderdoc\renderdoc\ /ID:\Projects\renderdoc\renderdoc\3rdparty\ /Zi /JMC /nologo /W4 /WX /diagnostics:column /MP /Od /D RDOC_BASE_NAME=renderdic /D RENDERDOC_EXPORTS /D RENDERDOC_PLATFORM_WIN32 /D WIN32 /D NDEBUG /D _WINDOWS /D _USRDLL /D WIN64 /D _WINDLL /D _UNICODE /D UNICODE /Gm- /EHsc /MD /GS- /fp:precise /Zc:wchar_t /Zc:forScope /Zc:inline /GR- /Yu"precompiled.h" /Fp"D:\Projects\renderdoc\x64\Development\obj\renderdic\renderdic.pch" /Fo"D:\Projects\renderdoc\x64\Development\obj\renderdic\\" /Fd"D:\Projects\renderdoc\x64\Development\obj\renderdic\vc145.pdb" /external:W4 /Gd /TP /wd4100 /FIprecompiled.h /FC /errorReport:queue /bigobj /w44062 /w44840 /experimental:deterministic /pathmap:"D:\Projects\renderdoc\renderdoc"=R:\RenderDicSrc\core /pathmap:"D:\Projects\renderdoc\qrenderdoc"=R:\RenderDicSrc\ui /pathmap:"D:\Projects\renderdoc\renderdoccmd"=R:\RenderDicSrc\cmd /pathmap:"D:\Projects\renderdoc\renderdocshim"=R:\RenderDicSrc\shim /pathmap:"D:\Projects\renderdoc"=R:\RenderDicSrc core\core.cpp
         core.cpp
       ResourceCompile:
         D:\Windows Kits\10\bin\10.0.28000.0\x64\rc.exe /D RENDERDOC_BAKED_DXC_SHADERS=1 /D _UNICODE /D UNICODE /l"0x0409" /ID:/Projects/renderdoc/x64/Development/obj/renderdic/ /nologo /fo"D:\Projects\renderdoc\x64\Development\obj\renderdic\renderdoc.res" data\renderdoc.rc 
       Link:
         D:\Program Files\Microsoft VisualStudio\VisualStudio 2026\VC\Tools\MSVC\14.50.35717\bin\HostX64\x64\link.exe /ERRORREPORT:QUEUE /OUT:"D:\Projects\renderdoc\x64\Development\renderdic.dll" /INCREMENTAL /ILK:"D:\Projects\renderdoc\x64\Development\obj\renderdic\renderdic.ilk" /NOLOGO /NATVIS:renderdoc.natvis ws2_32.lib kernel32.lib user32.lib shlwapi.lib setupapi.lib kernel32.lib user32.lib gdi32.lib winspool.lib comdlg32.lib advapi32.lib shell32.lib ole32.lib oleaut32.lib uuid.lib odbc32.lib odbccp32.lib /DEF:"D:\Projects\renderdoc\renderdoc\os\win32\comexport.def" /MANIFEST /MANIFESTUAC:"level='asInvoker' uiAccess='false'" /manifest:embed /DEBUG /PDB:"D:\Projects\renderdoc\x64\Development\renderdic.pdb" /SUBSYSTEM:WINDOWS /TLBID:1 /DYNAMICBASE /NXCOMPAT /IMPLIB:"D:\Projects\renderdoc\x64\Development\renderdic.lib" /MACHINE:X64 /PDBALTPATH:%_PDB% /DLL D:\Projects\renderdoc\x64\Development\obj\renderdic\renderdoc.res
         D:\Projects\renderdoc\x64\Development\obj\renderdic\catch.obj
         D:\Projects\renderdoc\x64\Development\obj\renderdic\BC1_Encode_kernel.obj
         D:\Projects\renderdoc\x64\Development\obj\renderdic\BC2_Encode_kernel.obj
         D:\Projects\renderdoc\x64\Development\obj\renderdic\BC3_Encode_kernel.obj
         D:\Projects\renderdoc\x64\Development\obj\renderdic\BC4_Encode_kernel.obj
         D:\Projects\renderdoc\x64\Development\obj\renderdic\BC5_Encode_kernel.obj
         D:\Projects\renderdoc\x64\Development\obj\renderdic\BC6_Encode_kernel.obj
         D:\Projects\renderdoc\x64\Development\obj\renderdic\BC7_Encode_Kernel.obj
         D:\Projects\renderdoc\x64\Development\obj\renderdic\jpgd.obj
         D:\Projects\renderdoc\x64\Development\obj\renderdic\jpge.obj
         D:\Projects\renderdoc\x64\Development\obj\renderdic\lz4.obj
         D:\Projects\renderdoc\x64\Development\obj\renderdic\md5.obj
         D:\Projects\renderdoc\x64\Development\obj\renderdic\miniz.obj
         D:\Projects\renderdoc\x64\Development\obj\renderdic\pugixml.obj
         D:\Projects\renderdoc\x64\Development\obj\renderdic\stb_impl.obj
         D:\Projects\renderdoc\x64\Development\obj\renderdic\superluminal.obj
         D:\Projects\renderdoc\x64\Development\obj\renderdic\tinyexr.obj
         D:\Projects\renderdoc\x64\Development\obj\renderdic\tinyfiledialogs.obj
         D:\Projects\renderdoc\x64\Development\obj\renderdic\debug.obj
         D:\Projects\renderdoc\x64\Development\obj\renderdic\hist.obj
         D:\Projects\renderdoc\x64\Development\obj\renderdic\zstd_double_fast.obj
         D:\Projects\renderdoc\x64\Development\obj\renderdic\zstd_fast.obj
         D:\Projects\renderdoc\x64\Development\obj\renderdic\zstd_lazy.obj
         D:\Projects\renderdoc\x64\Development\obj\renderdic\zstd_ldm.obj
         D:\Projects\renderdoc\x64\Development\obj\renderdic\zstd_opt.obj
         D:\Projects\renderdoc\x64\Development\obj\renderdic\entropy_common.obj
         D:\Projects\renderdoc\x64\Development\obj\renderdic\error_private.obj
         D:\Projects\renderdoc\x64\Development\obj\renderdic\fse_decompress.obj
         D:\Projects\renderdoc\x64\Development\obj\renderdic\pool.obj
         D:\Projects\renderdoc\x64\Development\obj\renderdic\threading.obj
         D:\Projects\renderdoc\x64\Development\obj\renderdic\xxhash.obj
         D:\Projects\renderdoc\x64\Development\obj\renderdic\zstd_common.obj
         D:\Projects\renderdoc\x64\Development\obj\renderdic\fse_compress.obj
         D:\Projects\renderdoc\x64\Development\obj\renderdic\huf_compress.obj
         D:\Projects\renderdoc\x64\Development\obj\renderdic\zstdmt_compress.obj
         D:\Projects\renderdoc\x64\Development\obj\renderdic\zstd_compress.obj
         D:\Projects\renderdoc\x64\Development\obj\renderdic\huf_decompress.obj
         D:\Projects\renderdoc\x64\Development\obj\renderdic\zstd_decompress.obj
         D:\Projects\renderdoc\x64\Development\obj\renderdic\android.obj
         D:\Projects\renderdoc\x64\Development\obj\renderdic\android_tools.obj
         D:\Projects\renderdoc\x64\Development\obj\renderdic\android_utils.obj
         D:\Projects\renderdoc\x64\Development\obj\renderdic\jdwp.obj
         D:\Projects\renderdoc\x64\Development\obj\renderdic\jdwp_connection.obj
         D:\Projects\renderdoc\x64\Development\obj\renderdic\jdwp_util.obj
         D:\Projects\renderdoc\x64\Development\obj\renderdic\common.obj
         D:\Projects\renderdoc\x64\Development\obj\renderdic\dds_readwrite.obj
         D:\Projects\renderdoc\x64\Development\obj\renderdic\jobsystem.obj
         D:\Projects\renderdoc\x64\Development\obj\renderdic\jobsystem_tests.obj
         D:\Projects\renderdoc\x64\Development\obj\renderdic\threading_tests.obj
         D:\Projects\renderdoc\x64\Development\obj\renderdic\bit_flag_iterator_tests.obj
         D:\Projects\renderdoc\x64\Development\obj\renderdic\gpu_address_range_tracker.obj
         D:\Projects\renderdoc\x64\Development\obj\renderdic\settings.obj
         D:\Projects\renderdoc\x64\Development\obj\renderdic\core.obj
         D:\Projects\renderdoc\x64\Development\obj\renderdic\image_viewer.obj
         D:\Projects\renderdoc\x64\Development\obj\renderdic\intervals_tests.obj
         D:\Projects\renderdoc\x64\Development\obj\renderdic\plugins.obj
         D:\Projects\renderdoc\x64\Development\obj\renderdic\precompiled.obj
         D:\Projects\renderdoc\x64\Development\obj\renderdic\sparse_page_table.obj
         D:\Projects\renderdoc\x64\Development\obj\renderdic\target_control.obj
         D:\Projects\renderdoc\x64\Development\obj\renderdic\remote_server.obj
         D:\Projects\renderdoc\x64\Development\obj\renderdic\replay_proxy.obj
         D:\Projects\renderdoc\x64\Development\obj\renderdic\resource_manager.obj
         D:\Projects\renderdoc\x64\Development\obj\renderdic\glsl_shaders.obj
         D:\Projects\renderdoc\x64\Development\obj\renderdic\hooks.obj
         D:\Projects\renderdoc\x64\Development\obj\renderdic\camera.obj
         D:\Projects\renderdoc\x64\Development\obj\renderdic\formatpacking.obj
         D:\Projects\renderdoc\x64\Development\obj\renderdic\matrix.obj
         D:\Projects\renderdoc\x64\Development\obj\renderdic\vec.obj
         D:\Projects\renderdoc\x64\Development\obj\renderdic\os_specific.obj
         D:\Projects\renderdoc\x64\Development\obj\renderdic\sys_win32_hooks.obj
         D:\Projects\renderdoc\x64\Development\obj\renderdic\win32_callstack.obj
         D:\Projects\renderdoc\x64\Development\obj\renderdic\win32_hook.obj
         D:\Projects\renderdoc\x64\Development\obj\renderdic\win32_libentry.obj
         D:\Projects\renderdoc\x64\Development\obj\renderdic\win32_network.obj
         D:\Projects\renderdoc\x64\Development\obj\renderdic\win32_process.obj
         D:\Projects\renderdoc\x64\Development\obj\renderdic\win32_shellext.obj
         D:\Projects\renderdoc\x64\Development\obj\renderdic\win32_stringio.obj
         D:\Projects\renderdoc\x64\Development\obj\renderdic\win32_threading.obj
         D:\Projects\renderdoc\x64\Development\obj\renderdic\app_api.obj
         D:\Projects\renderdoc\x64\Development\obj\renderdic\basic_types_tests.obj
         D:\Projects\renderdoc\x64\Development\obj\renderdic\capture_file.obj
         D:\Projects\renderdoc\x64\Development\obj\renderdic\capture_options.obj
         D:\Projects\renderdoc\x64\Development\obj\renderdic\dummy_driver.obj
         D:\Projects\renderdoc\x64\Development\obj\renderdic\entry_points.obj
         D:\Projects\renderdoc\x64\Development\obj\renderdic\replay_driver.obj
         D:\Projects\renderdoc\x64\Development\obj\renderdic\replay_output.obj
         D:\Projects\renderdoc\x64\Development\obj\renderdic\replay_controller.obj
         D:\Projects\renderdoc\x64\Development\obj\renderdic\chrome_json_codec.obj
         D:\Projects\renderdoc\x64\Development\obj\renderdic\xml_codec.obj
         D:\Projects\renderdoc\x64\Development\obj\renderdic\comp_io_tests.obj
         D:\Projects\renderdoc\x64\Development\obj\renderdic\lz4io.obj
         D:\Projects\renderdoc\x64\Development\obj\renderdic\rdcfile.obj
         D:\Projects\renderdoc\x64\Development\obj\renderdic\serialiser.obj
         D:\Projects\renderdoc\x64\Development\obj\renderdic\serialiser_tests.obj
         D:\Projects\renderdoc\x64\Development\obj\renderdic\streamio.obj
         D:\Projects\renderdoc\x64\Development\obj\renderdic\streamio_tests.obj
         D:\Projects\renderdoc\x64\Development\obj\renderdic\zstdio.obj
         D:\Projects\renderdoc\x64\Development\obj\renderdic\controlflow.obj
         D:\Projects\renderdoc\x64\Development\obj\renderdic\grisu2.obj
         D:\Projects\renderdoc\x64\Development\obj\renderdic\string_utils.obj
         D:\Projects\renderdoc\x64\Development\obj\renderdic\utf8printf.obj
         D:\Projects\renderdoc\x64\Development\obj\d3d11\d3d11_common.obj
         D:\Projects\renderdoc\x64\Development\obj\d3d11\d3d11_msaa_array_conv.obj
         D:\Projects\renderdoc\x64\Development\obj\d3d11\d3d11_outputwindow.obj
         D:\Projects\renderdoc\x64\Development\obj\d3d11\d3d11_overlay.obj
         D:\Projects\renderdoc\x64\Development\obj\d3d11\d3d11_pixelhistory.obj
         D:\Projects\renderdoc\x64\Development\obj\d3d11\d3d11_postvs.obj
         D:\Projects\renderdoc\x64\Development\obj\d3d11\d3d11_rendermesh.obj
         D:\Projects\renderdoc\x64\Development\obj\d3d11\d3d11_rendertext.obj
         D:\Projects\renderdoc\x64\Development\obj\d3d11\d3d11_rendertexture.obj
         D:\Projects\renderdoc\x64\Development\obj\d3d11\d3d11_serialise.obj
         D:\Projects\renderdoc\x64\Development\obj\d3d11\d3d11_context.obj
         D:\Projects\renderdoc\x64\Development\obj\d3d11\d3d11_context1_wrap.obj
         D:\Projects\renderdoc\x64\Development\obj\d3d11\d3d11_context2_wrap.obj
         D:\Projects\renderdoc\x64\Development\obj\d3d11\d3d11_context3_wrap.obj
         D:\Projects\renderdoc\x64\Development\obj\d3d11\d3d11_context_wrap.obj
         D:\Projects\renderdoc\x64\Development\obj\d3d11\d3d11_counters.obj
         D:\Projects\renderdoc\x64\Development\obj\d3d11\d3d11_debug.obj
         D:\Projects\renderdoc\x64\Development\obj\d3d11\d3d11_device.obj
         D:\Projects\renderdoc\x64\Development\obj\d3d11\d3d11_device1_wrap.obj
         D:\Projects\renderdoc\x64\Development\obj\d3d11\d3d11_device2_wrap.obj
         D:\Projects\renderdoc\x64\Development\obj\d3d11\d3d11_device3_wrap.obj
         D:\Projects\renderdoc\x64\Development\obj\d3d11\d3d11_device_wrap.obj
         D:\Projects\renderdoc\x64\Development\obj\d3d11\d3d11_hooks.obj
         D:\Projects\renderdoc\x64\Development\obj\d3d11\d3d11_initstate.obj
         D:\Projects\renderdoc\x64\Development\obj\d3d11\d3d11_manager.obj
         D:\Projects\renderdoc\x64\Development\obj\d3d11\d3d11_renderstate.obj
         D:\Projects\renderdoc\x64\Development\obj\d3d11\d3d11_replay.obj
         D:\Projects\renderdoc\x64\Development\obj\d3d11\d3d11_resources.obj
         D:\Projects\renderdoc\x64\Development\obj\d3d11\d3d11_shader_cache.obj
         D:\Projects\renderdoc\x64\Development\obj\d3d11\d3d11_shaderdebug.obj
         D:\Projects\renderdoc\x64\Development\obj\d3d11\d3d11_stringise.obj
         D:\Projects\renderdoc\x64\Development\obj\d3d11\d3d11_video.obj
         D:\Projects\renderdoc\x64\Development\obj\d3d11\d3d9_hooks.obj
         D:\Projects\renderdoc\x64\Development\obj\d3d11\precompiled.obj
         D:\Projects\renderdoc\x64\Development\obj\AMD\ags_wrapper.obj
         D:\Projects\renderdoc\x64\Development\obj\AMD\amd_counters.obj
         D:\Projects\renderdoc\x64\Development\obj\AMD\amd_hooks.obj
         D:\Projects\renderdoc\x64\Development\obj\AMD\amd_isa.obj
         D:\Projects\renderdoc\x64\Development\obj\AMD\amd_isa_devices.obj
         D:\Projects\renderdoc\x64\Development\obj\AMD\amd_isa_win32.obj
         D:\Projects\renderdoc\x64\Development\obj\AMD\amd_rgp.obj
         D:\Projects\renderdoc\x64\Development\obj\spirv\CodeGen.obj
         D:\Projects\renderdoc\x64\Development\obj\spirv\Link.obj
         D:\Projects\renderdoc\x64\Development\obj\spirv\Constant.obj
         D:\Projects\renderdoc\x64\Development\obj\spirv\glslang_tab.obj
         D:\Projects\renderdoc\x64\Development\obj\spirv\InfoSink.obj
         D:\Projects\renderdoc\x64\Development\obj\spirv\Initialize.obj
         D:\Projects\renderdoc\x64\Development\obj\spirv\Intermediate.obj
         D:\Projects\renderdoc\x64\Development\obj\spirv\intermOut.obj
         D:\Projects\renderdoc\x64\Development\obj\spirv\IntermTraverse.obj
         D:\Projects\renderdoc\x64\Development\obj\spirv\iomapper.obj
         D:\Projects\renderdoc\x64\Development\obj\spirv\attribute.obj
         D:\Projects\renderdoc\x64\Development\obj\spirv\limits.obj
         D:\Projects\renderdoc\x64\Development\obj\spirv\linkValidate.obj
         D:\Projects\renderdoc\x64\Development\obj\spirv\parseConst.obj
         D:\Projects\renderdoc\x64\Development\obj\spirv\ParseContextBase.obj
         D:\Projects\renderdoc\x64\Development\obj\spirv\ParseHelper.obj
         D:\Projects\renderdoc\x64\Development\obj\spirv\PoolAlloc.obj
         D:\Projects\renderdoc\x64\Development\obj\spirv\Pp.obj
         D:\Projects\renderdoc\x64\Development\obj\spirv\PpAtom.obj
         D:\Projects\renderdoc\x64\Development\obj\spirv\PpContext.obj
         D:\Projects\renderdoc\x64\Development\obj\spirv\PpScanner.obj
         D:\Projects\renderdoc\x64\Development\obj\spirv\PpTokens.obj
         D:\Projects\renderdoc\x64\Development\obj\spirv\propagateNoContraction.obj
         D:\Projects\renderdoc\x64\Development\obj\spirv\reflection.obj
         D:\Projects\renderdoc\x64\Development\obj\spirv\RemoveTree.obj
         D:\Projects\renderdoc\x64\Development\obj\spirv\Scan.obj
         D:\Projects\renderdoc\x64\Development\obj\spirv\ShaderLang.obj
         D:\Projects\renderdoc\x64\Development\obj\spirv\SpirvIntrinsics.obj
         D:\Projects\renderdoc\x64\Development\obj\spirv\SymbolTable.obj
         D:\Projects\renderdoc\x64\Development\obj\spirv\Versions.obj
         D:\Projects\renderdoc\x64\Development\obj\spirv\ResourceLimits.obj
         D:\Projects\renderdoc\x64\Development\obj\spirv\ossource.obj
         D:\Projects\renderdoc\x64\Development\obj\spirv\GlslangToSpv.obj
         D:\Projects\renderdoc\x64\Development\obj\spirv\InReadableOrder.obj
         D:\Projects\renderdoc\x64\Development\obj\spirv\Logger.obj
         D:\Projects\renderdoc\x64\Development\obj\spirv\SpvBuilder.obj
         D:\Projects\renderdoc\x64\Development\obj\spirv\SpvPostProcess.obj
         D:\Projects\renderdoc\x64\Development\obj\spirv\SpvTools.obj
         D:\Projects\renderdoc\x64\Development\obj\spirv\glslang_compile.obj
         D:\Projects\renderdoc\x64\Development\obj\spirv\precompiled.obj
         D:\Projects\renderdoc\x64\Development\obj\spirv\spirv_common.obj
         D:\Projects\renderdoc\x64\Development\obj\spirv\spirv_compile.obj
         D:\Projects\renderdoc\x64\Development\obj\spirv\spirv_debug.obj
         D:\Projects\renderdoc\x64\Development\obj\spirv\spirv_debug_glsl450.obj
         D:\Projects\renderdoc\x64\Development\obj\spirv\spirv_debug_setup.obj
         D:\Projects\renderdoc\x64\Development\obj\spirv\spirv_disassemble.obj
         D:\Projects\renderdoc\x64\Development\obj\spirv\spirv_editor.obj
         D:\Projects\renderdoc\x64\Development\obj\spirv\spirv_processor.obj
         D:\Projects\renderdoc\x64\Development\obj\spirv\spirv_reflect.obj
         D:\Projects\renderdoc\x64\Development\obj\spirv\spirv_gen.obj
         D:\Projects\renderdoc\x64\Development\obj\spirv\spirv_stringise.obj
         D:\Projects\renderdoc\x64\Development\obj\Intel\intel_counters.obj
         D:\Projects\renderdoc\x64\Development\obj\Intel\intel_gl_counters.obj
         D:\Projects\renderdoc\x64\Development\obj\NV\nvapi_hooks.obj
         D:\Projects\renderdoc\x64\Development\obj\NV\nvapi_wrapper.obj
         D:\Projects\renderdoc\x64\Development\obj\NV\nv_counters.obj
         D:\Projects\renderdoc\x64\Development\obj\NV\nv_counter_enumerator.obj
         D:\Projects\renderdoc\x64\Development\obj\NV\nv_d3d11_counters.obj
         D:\Projects\renderdoc\x64\Development\obj\NV\nv_d3d12_counters.obj
         D:\Projects\renderdoc\x64\Development\obj\NV\nv_gl_counters.obj
         D:\Projects\renderdoc\x64\Development\obj\NV\nv_vk_counters.obj
         D:\Projects\renderdoc\x64\Development\obj\NV\nv_aftermath.obj
         D:\Projects\renderdoc\x64\Development\obj\dxbc\dx_debug.obj
         D:\Projects\renderdoc\x64\Development\obj\dxbc\dxbc_bytecode.obj
         D:\Projects\renderdoc\x64\Development\obj\dxbc\dxbc_bytecode_editor.obj
         D:\Projects\renderdoc\x64\Development\obj\dxbc\dxbc_bytecode_vendorext.obj
         D:\Projects\renderdoc\x64\Development\obj\dxbc\dxbc_compile.obj
         D:\Projects\renderdoc\x64\Development\obj\dxbc\dxbc_debug.obj
         D:\Projects\renderdoc\x64\Development\obj\dxbc\dxbc_bytecode_ops.obj
         D:\Projects\renderdoc\x64\Development\obj\dxbc\dxbc_container.obj
         D:\Projects\renderdoc\x64\Development\obj\dxbc\dxbc_reflect.obj
         D:\Projects\renderdoc\x64\Development\obj\dxbc\dxbc_sdbg.obj
         D:\Projects\renderdoc\x64\Development\obj\dxbc\dxbc_spdb.obj
         D:\Projects\renderdoc\x64\Development\obj\dxbc\dxbc_stringise.obj
         D:\Projects\renderdoc\x64\Development\obj\dxbc\precompiled.obj
         D:\Projects\renderdoc\x64\Development\obj\dxil\dxil_bytecode.obj
         D:\Projects\renderdoc\x64\Development\obj\dxil\dxil_bytecode_editor.obj
         D:\Projects\renderdoc\x64\Development\obj\dxil\dxil_common.obj
         D:\Projects\renderdoc\x64\Development\obj\dxil\dxil_controlflow.obj
         D:\Projects\renderdoc\x64\Development\obj\dxil\dxil_debug.obj
         D:\Projects\renderdoc\x64\Development\obj\dxil\dxil_debuginfo.obj
         D:\Projects\renderdoc\x64\Development\obj\dxil\dxil_disassemble.obj
         D:\Projects\renderdoc\x64\Development\obj\dxil\dxil_metadata.obj
         D:\Projects\renderdoc\x64\Development\obj\dxil\dxil_reflect.obj
         D:\Projects\renderdoc\x64\Development\obj\dxil\dxil_stringise.obj
         D:\Projects\renderdoc\x64\Development\obj\dxil\llvm_decoder.obj
         D:\Projects\renderdoc\x64\Development\obj\dxil\llvm_encoder.obj
         D:\Projects\renderdoc\x64\Development\obj\dxil\precompiled.obj
         D:\Projects\renderdoc\x64\Development\obj\d3d12\d3d12_commands.obj
         D:\Projects\renderdoc\x64\Development\obj\d3d12\d3d12_command_list10_wrap.obj
         D:\Projects\renderdoc\x64\Development\obj\d3d12\d3d12_command_list1_wrap.obj
         D:\Projects\renderdoc\x64\Development\obj\d3d12\d3d12_command_list2_wrap.obj
         D:\Projects\renderdoc\x64\Development\obj\d3d12\d3d12_command_list3_wrap.obj
         D:\Projects\renderdoc\x64\Development\obj\d3d12\d3d12_command_list4_wrap.obj
         D:\Projects\renderdoc\x64\Development\obj\d3d12\d3d12_command_list5_wrap.obj
         D:\Projects\renderdoc\x64\Development\obj\d3d12\d3d12_command_list6_wrap.obj
         D:\Projects\renderdoc\x64\Development\obj\d3d12\d3d12_command_list7_wrap.obj
         D:\Projects\renderdoc\x64\Development\obj\d3d12\d3d12_command_list8_wrap.obj
         D:\Projects\renderdoc\x64\Development\obj\d3d12\d3d12_command_list9_wrap.obj
         D:\Projects\renderdoc\x64\Development\obj\d3d12\d3d12_command_list_wrap.obj
         D:\Projects\renderdoc\x64\Development\obj\d3d12\d3d12_command_queue_wrap.obj
         D:\Projects\renderdoc\x64\Development\obj\d3d12\d3d12_common.obj
         D:\Projects\renderdoc\x64\Development\obj\d3d12\d3d12_counters.obj
         D:\Projects\renderdoc\x64\Development\obj\d3d12\d3d12_debug.obj
         D:\Projects\renderdoc\x64\Development\obj\d3d12\d3d12_device.obj
         D:\Projects\renderdoc\x64\Development\obj\d3d12\d3d12_device_rescreate_wrap.obj
         D:\Projects\renderdoc\x64\Development\obj\d3d12\d3d12_device_wrap.obj
         D:\Projects\renderdoc\x64\Development\obj\d3d12\d3d12_device_wrap1.obj
         D:\Projects\renderdoc\x64\Development\obj\d3d12\d3d12_device_wrap11.obj
         D:\Projects\renderdoc\x64\Development\obj\d3d12\d3d12_device_wrap12.obj
         D:\Projects\renderdoc\x64\Development\obj\d3d12\d3d12_device_wrap13.obj
         D:\Projects\renderdoc\x64\Development\obj\d3d12\d3d12_device_wrap14.obj
         D:\Projects\renderdoc\x64\Development\obj\d3d12\d3d12_device_wrap15.obj
         D:\Projects\renderdoc\x64\Development\obj\d3d12\d3d12_device_wrap2.obj
         D:\Projects\renderdoc\x64\Development\obj\d3d12\d3d12_device_wrap3.obj
         D:\Projects\renderdoc\x64\Development\obj\d3d12\d3d12_device_wrap4.obj
         D:\Projects\renderdoc\x64\Development\obj\d3d12\d3d12_device_wrap5.obj
         D:\Projects\renderdoc\x64\Development\obj\d3d12\d3d12_device_wrap6.obj
         D:\Projects\renderdoc\x64\Development\obj\d3d12\d3d12_device_wrap7.obj
         D:\Projects\renderdoc\x64\Development\obj\d3d12\d3d12_device_wrap8.obj
         D:\Projects\renderdoc\x64\Development\obj\d3d12\d3d12_device_wrap9.obj
         D:\Projects\renderdoc\x64\Development\obj\d3d12\d3d12_dxil_debug.obj
         D:\Projects\renderdoc\x64\Development\obj\d3d12\d3d12_hooks.obj
         D:\Projects\renderdoc\x64\Development\obj\d3d12\d3d12_initstate.obj
         D:\Projects\renderdoc\x64\Development\obj\d3d12\d3d12_manager.obj
         D:\Projects\renderdoc\x64\Development\obj\d3d12\d3d12_msaa_array_conv.obj
         D:\Projects\renderdoc\x64\Development\obj\d3d12\d3d12_outputwindow.obj
         D:\Projects\renderdoc\x64\Development\obj\d3d12\d3d12_overlay.obj
         D:\Projects\renderdoc\x64\Development\obj\d3d12\d3d12_pixelhistory.obj
         D:\Projects\renderdoc\x64\Development\obj\d3d12\d3d12_postvs.obj
         D:\Projects\renderdoc\x64\Development\obj\d3d12\d3d12_rendermesh.obj
         D:\Projects\renderdoc\x64\Development\obj\d3d12\d3d12_rendertext.obj
         D:\Projects\renderdoc\x64\Development\obj\d3d12\d3d12_rendertexture.obj
         D:\Projects\renderdoc\x64\Development\obj\d3d12\d3d12_replay.obj
         D:\Projects\renderdoc\x64\Development\obj\d3d12\d3d12_resources.obj
         D:\Projects\renderdoc\x64\Development\obj\d3d12\d3d12_rootsig.obj
         D:\Projects\renderdoc\x64\Development\obj\d3d12\d3d12_sdk_select.obj
         D:\Projects\renderdoc\x64\Development\obj\d3d12\d3d12_serialise.obj
         D:\Projects\renderdoc\x64\Development\obj\d3d12\d3d12_shaderdebug.obj
         D:\Projects\renderdoc\x64\Development\obj\d3d12\d3d12_shader_cache.obj
         D:\Projects\renderdoc\x64\Development\obj\d3d12\d3d12_shader_feedback.obj
         D:\Projects\renderdoc\x64\Development\obj\d3d12\d3d12_state.obj
         D:\Projects\renderdoc\x64\Development\obj\d3d12\d3d12_stringise.obj
         D:\Projects\renderdoc\x64\Development\obj\d3d12\precompiled.obj
         D:\Projects\renderdoc\x64\Development\obj\dxgi\dxgi_common.obj
         D:\Projects\renderdoc\x64\Development\obj\dxgi\dxgi_hooks.obj
         D:\Projects\renderdoc\x64\Development\obj\dxgi\dxgi_stringise.obj
         D:\Projects\renderdoc\x64\Development\obj\dxgi\dxgi_wrapped.obj
         D:\Projects\renderdoc\x64\Development\obj\dxgi\precompiled.obj
         D:\Projects\renderdoc\x64\Development\obj\gl\egl_platform.obj
         D:\Projects\renderdoc\x64\Development\obj\gl\egl_hooks.obj
         D:\Projects\renderdoc\x64\Development\obj\gl\gl_common.obj
         D:\Projects\renderdoc\x64\Development\obj\gl\gl_counters.obj
         D:\Projects\renderdoc\x64\Development\obj\gl\gl_debug.obj
         D:\Projects\renderdoc\x64\Development\obj\gl\gl_driver.obj
         D:\Projects\renderdoc\x64\Development\obj\gl\gl_hooks.obj
         D:\Projects\renderdoc\x64\Development\obj\gl\gl_pixelhistory.obj
         D:\Projects\renderdoc\x64\Development\obj\gl\gl_shaderdebug.obj
         D:\Projects\renderdoc\x64\Development\obj\gl\wgl_hooks.obj
         D:\Projects\renderdoc\x64\Development\obj\gl\gl_initstate.obj
         D:\Projects\renderdoc\x64\Development\obj\gl\gl_manager.obj
         D:\Projects\renderdoc\x64\Development\obj\gl\gl_msaa_array_conv.obj
         D:\Projects\renderdoc\x64\Development\obj\gl\gl_outputwindow.obj
         D:\Projects\renderdoc\x64\Development\obj\gl\gl_overlay.obj
         D:\Projects\renderdoc\x64\Development\obj\gl\gl_postvs.obj
         D:\Projects\renderdoc\x64\Development\obj\gl\gl_program_iterate.obj
         D:\Projects\renderdoc\x64\Development\obj\gl\gl_rendermesh.obj
         D:\Projects\renderdoc\x64\Development\obj\gl\gl_renderstate.obj
         D:\Projects\renderdoc\x64\Development\obj\gl\gl_rendertext.obj
         D:\Projects\renderdoc\x64\Development\obj\gl\gl_rendertexture.obj
         D:\Projects\renderdoc\x64\Development\obj\gl\gl_replay.obj
         D:\Projects\renderdoc\x64\Development\obj\gl\gl_resources.obj
         D:\Projects\renderdoc\x64\Development\obj\gl\gl_shader_refl.obj
         D:\Projects\renderdoc\x64\Development\obj\gl\gl_stringise.obj
         D:\Projects\renderdoc\x64\Development\obj\gl\precompiled.obj
         D:\Projects\renderdoc\x64\Development\obj\gl\wgl_platform.obj
         D:\Projects\renderdoc\x64\Development\obj\gl\gl_buffer_funcs.obj
         D:\Projects\renderdoc\x64\Development\obj\gl\gl_debug_funcs.obj
         D:\Projects\renderdoc\x64\Development\obj\gl\gl_draw_funcs.obj
         D:\Projects\renderdoc\x64\Development\obj\gl\gl_emulated.obj
         D:\Projects\renderdoc\x64\Development\obj\gl\gl_framebuffer_funcs.obj
         D:\Projects\renderdoc\x64\Development\obj\gl\gl_get_funcs.obj
         D:\Projects\renderdoc\x64\Development\obj\gl\gl_interop_funcs.obj
         D:\Projects\renderdoc\x64\Development\obj\gl\gl_query_funcs.obj
         D:\Projects\renderdoc\x64\Development\obj\gl\gl_sampler_funcs.obj
         D:\Projects\renderdoc\x64\Development\obj\gl\gl_shader_funcs.obj
         D:\Projects\renderdoc\x64\Development\obj\gl\gl_state_funcs.obj
         D:\Projects\renderdoc\x64\Development\obj\gl\gl_texture_funcs.obj
         D:\Projects\renderdoc\x64\Development\obj\gl\gl_uniform_funcs.obj
         D:\Projects\renderdoc\x64\Development\obj\ARM\arm_counters_stub.obj
         D:\Projects\renderdoc\x64\Development\obj\vulkan\imagestate_tests.obj
         D:\Projects\renderdoc\x64\Development\obj\vulkan\imgrefs_tests.obj
         D:\Projects\renderdoc\x64\Development\obj\vulkan\precompiled.obj
         D:\Projects\renderdoc\x64\Development\obj\vulkan\vk_msaa_buffer_conv.obj
         D:\Projects\renderdoc\x64\Development\obj\vulkan\vk_shader_feedback.obj
         D:\Projects\renderdoc\x64\Development\obj\vulkan\vk_image_states.obj
         D:\Projects\renderdoc\x64\Development\obj\vulkan\vk_next_chains.obj
         D:\Projects\renderdoc\x64\Development\obj\vulkan\vk_outputwindow.obj
         D:\Projects\renderdoc\x64\Development\obj\vulkan\vk_overlay.obj
         D:\Projects\renderdoc\x64\Development\obj\vulkan\vk_postvs.obj
         D:\Projects\renderdoc\x64\Development\obj\vulkan\vk_rendermesh.obj
         D:\Projects\renderdoc\x64\Development\obj\vulkan\vk_rendertext.obj
         D:\Projects\renderdoc\x64\Development\obj\vulkan\vk_rendertexture.obj
         D:\Projects\renderdoc\x64\Development\obj\vulkan\vk_serialise.obj
         D:\Projects\renderdoc\x64\Development\obj\vulkan\vk_shaderdebug.obj
         D:\Projects\renderdoc\x64\Development\obj\vulkan\vk_shader_cache.obj
         D:\Projects\renderdoc\x64\Development\obj\vulkan\vk_stringise.obj
         D:\Projects\renderdoc\x64\Development\obj\vulkan\vk_counters.obj
         D:\Projects\renderdoc\x64\Development\obj\vulkan\vk_dispatchtables.obj
         D:\Projects\renderdoc\x64\Development\obj\vulkan\vk_initstate.obj
         D:\Projects\renderdoc\x64\Development\obj\vulkan\vk_memory.obj
         D:\Projects\renderdoc\x64\Development\obj\vulkan\vk_state.obj
         D:\Projects\renderdoc\x64\Development\obj\vulkan\vk_layer.obj
         D:\Projects\renderdoc\x64\Development\obj\vulkan\vk_common.obj
         D:\Projects\renderdoc\x64\Development\obj\vulkan\vk_core.obj
         D:\Projects\renderdoc\x64\Development\obj\vulkan\vk_debug.obj
         D:\Projects\renderdoc\x64\Development\obj\vulkan\vk_info.obj
         D:\Projects\renderdoc\x64\Development\obj\vulkan\vk_manager.obj
         D:\Projects\renderdoc\x64\Development\obj\vulkan\vk_pixelhistory.obj
         D:\Projects\renderdoc\x64\Development\obj\vulkan\vk_replay.obj
         D:\Projects\renderdoc\x64\Development\obj\vulkan\vk_win32.obj
         D:\Projects\renderdoc\x64\Development\obj\vulkan\vk_resources.obj
         D:\Projects\renderdoc\x64\Development\obj\vulkan\vk_acceleration_structure.obj
         D:\Projects\renderdoc\x64\Development\obj\vulkan\vk_cmd_funcs.obj
         D:\Projects\renderdoc\x64\Development\obj\vulkan\vk_dynamic_funcs.obj
         D:\Projects\renderdoc\x64\Development\obj\vulkan\vk_descriptor_funcs.obj
         D:\Projects\renderdoc\x64\Development\obj\vulkan\vk_device_funcs.obj
         D:\Projects\renderdoc\x64\Development\obj\vulkan\vk_draw_funcs.obj
         D:\Projects\renderdoc\x64\Development\obj\vulkan\vk_get_funcs.obj
         D:\Projects\renderdoc\x64\Development\obj\vulkan\vk_misc_funcs.obj
         D:\Projects\renderdoc\x64\Development\obj\vulkan\vk_queue_funcs.obj
         D:\Projects\renderdoc\x64\Development\obj\vulkan\vk_resource_funcs.obj
         D:\Projects\renderdoc\x64\Development\obj\vulkan\vk_shader_funcs.obj
         D:\Projects\renderdoc\x64\Development\obj\vulkan\vk_sync_funcs.obj
         D:\Projects\renderdoc\x64\Development\obj\vulkan\vk_wsi_funcs.obj
         D:\Projects\renderdoc\x64\Development\obj\version\version.obj
           正在创建库 D:\Projects\renderdoc\x64\Development\renderdic.lib 和对象 D:\Projects\renderdoc\x64\Development\renderdic.exp
         renderdoc.vcxproj -> D:\Projects\renderdoc\x64\Development\renderdic.dll
       _CopyOutOfDateSourceItemsToOutputDirectory:
         正在将文件从“D:\Windows Kits\10\Redist\D3D\x64\d3dcompiler_47.dll”复制到“D:\Projects\renderdoc\x64\Development\d3dcompiler_47.dll”。
       AfterBuild:
         正在将文件从“D:\Projects\renderdoc\renderdoc\api\app\renderdoc_app.h”复制到“D:\Projects\renderdoc\x64\Development\renderdoc_app.h”。
         正在将文件从“D:\Projects\renderdoc\renderdoc\3rdparty\dbghelp\x64\symsrv.dll”复制到“D:\Projects\renderdoc\x64\Development\symsrv.dll”。
         正在将文件从“D:\Projects\renderdoc\renderdoc\3rdparty\dbghelp\x64\symsrv.yes”复制到“D:\Projects\renderdoc\x64\Development\symsrv.yes”。
         正在将文件从“D:\Projects\renderdoc\renderdoc\3rdparty\dbghelp\x64\dbghelp.dll”复制到“D:\Projects\renderdoc\x64\Development\dbghelp.dll”。
       FinalizeBuildStatus:
         正在删除文件“D:\Projects\renderdoc\x64\Development\obj\renderdic\renderdic.tlog\unsuccessfulbuild”。
         正在对“D:\Projects\renderdoc\x64\Development\obj\renderdic\renderdic.tlog\renderdic.lastbuildstate”执行 Touch 任务。
    21>已完成生成项目“D:\Projects\renderdoc\renderdoc\renderdoc.vcxproj”(Rebuild 个目标)的操作。
     2>已完成生成项目“D:\Projects\renderdoc\renderdoc\renderdoc.vcxproj.metaproj”(Rebuild 个目标)的操作。
    18>PrepareForBuild:
         已启用结构化输出。编译器诊断的格式设置将反映错误层次结构。有关详细信息，请参阅 https://aka.ms/cpp/structured-output。
    13>PrepareForBuild:
         已启用结构化输出。编译器诊断的格式设置将反映错误层次结构。有关详细信息，请参阅 https://aka.ms/cpp/structured-output。
    17>PrepareForBuild:
         已启用结构化输出。编译器诊断的格式设置将反映错误层次结构。有关详细信息，请参阅 https://aka.ms/cpp/structured-output。
    18>InitializeBuildStatus:
         正在创建“D:\Projects\renderdoc\x64\Development\obj\qrenderdic\qrenderdic.tlog\unsuccessfulbuild”，因为已指定“AlwaysCreate”。
         正在对“D:\Projects\renderdoc\x64\Development\obj\qrenderdic\qrenderdic.tlog\unsuccessfulbuild”执行 Touch 任务。
    13>InitializeBuildStatus:
         正在创建“D:\Projects\renderdoc\x64\Development\obj\qrenderdoc_module\qrenderd.61157930.tlog\unsuccessfulbuild”，因为已指定“AlwaysCreate”。
    17>InitializeBuildStatus:
         正在创建“D:\Projects\renderdoc\x64\Development\obj\pyrenderdoc_module\pyrender.A8998B2D.tlog\unsuccessfulbuild”，因为已指定“AlwaysCreate”。
    13>InitializeBuildStatus:
         正在对“D:\Projects\renderdoc\x64\Development\obj\qrenderdoc_module\qrenderd.61157930.tlog\unsuccessfulbuild”执行 Touch 任务。
    17>InitializeBuildStatus:
         正在对“D:\Projects\renderdoc\x64\Development\obj\pyrenderdoc_module\pyrender.A8998B2D.tlog\unsuccessfulbuild”执行 Touch 任务。
     1>项目“D:\Projects\renderdoc\renderdoc.sln”(1)正在节点 1 上生成“D:\Projects\renderdoc\renderdoccmd\renderdoccmd.vcxproj.metaproj”(3) (Rebuild 个目标)。
     3>项目“D:\Projects\renderdoc\renderdoccmd\renderdoccmd.vcxproj.metaproj”(3)正在节点 6 上生成“D:\Projects\renderdoc\renderdoccmd\renderdoccmd.vcxproj”(23) (Rebuild 个目标)。
    23>_PrepareForClean:
         正在删除文件“D:\Projects\renderdoc\x64\Development\obj\renderdiccmd\renderdiccmd.tlog\renderdiccmd.lastbuildstate”。
       PrepareForBuild:
         已启用结构化输出。编译器诊断的格式设置将反映错误层次结构。有关详细信息，请参阅 https://aka.ms/cpp/structured-output。
       InitializeBuildStatus:
         正在创建“D:\Projects\renderdoc\x64\Development\obj\renderdiccmd\renderdiccmd.tlog\unsuccessfulbuild”，因为已指定“AlwaysCreate”。
         正在对“D:\Projects\renderdoc\x64\Development\obj\renderdiccmd\renderdiccmd.tlog\unsuccessfulbuild”执行 Touch 任务。
    17>CustomBuild:
         Compiling SWIG interface
    13>CustomBuild:
         Compiling SWIG interface
    18>CustomBuild:
         MOC PerformanceCounterSelection.h
    17>CustomBuild:
         Language subdirectory: python
         Search paths:
            .\
            D:\Projects\renderdoc\renderdoc\api\replay\
            .\swig_lib\python\
            D:\Projects\renderdoc\qrenderdoc\3rdparty\swig\Lib\python\
            .\swig_lib\
            D:\Projects\renderdoc\qrenderdoc\3rdparty\swig\Lib\
         Preprocessing...
         Starting language-specific parse...
    13>CustomBuild:
         Language subdirectory: python
         Search paths:
            .\
            D:\Projects\renderdoc\qrenderdoc\Code\pyrenderdoc\..\..\
            D:\Projects\renderdoc\renderdoc\api\replay\
            .\swig_lib\python\
            D:\Projects\renderdoc\qrenderdoc\3rdparty\swig\Lib\python\
            .\swig_lib\
            D:\Projects\renderdoc\qrenderdoc\3rdparty\swig\Lib\
         Preprocessing...
         Starting language-specific parse...
    18>CustomBuild:
         MOC ScintillaEditBase.h
         MOC ScintillaQt.h
         MOC ScintillaDocument.h
         MOC ScintillaEdit.h
         MOC ToolWindowManager.h
         MOC ToolWindowManagerArea.h
         MOC ToolWindowManagerSplitter.h
         MOC ToolWindowManagerTabBar.h
         MOC ToolWindowManagerWrapper.h
         MOC PythonContext.h
         MOC QRDUtils.h
         MOC RDStyle.h
         MOC RDTweakedNativeStyle.h
         MOC BufferFormatSpecifier.h
         MOC ComputeDebugSelector.h
         MOC FindReplace.h
         MOC CustomPaintWidget.h
         MOC RDDoubleSpinBox.h
         MOC RDSplitter.h
         MOC RDLabel.h
         MOC RDMenu.h
         MOC RDHeaderView.h
         MOC RDToolButton.h
         MOC RDLineEdit.h
         MOC RDTextEdit.h
         MOC RDListView.h
    13>CustomBuild:
         Processing types...
         C++ analysis...
         Processing nested classes...
         Generating wrappers...
    18>CustomBuild:
         MOC RDListWidget.h
         MOC RDTableView.h
         MOC RDTableWidget.h
         MOC RDTreeView.h
         MOC RDToolTip.h
         MOC RDTreeWidget.h
         MOC PipelineFlowChart.h
         MOC CollapseGroupBox.h
         MOC AnnotationDisplay.h
         MOC RangeHistogram.h
         MOC ResourcePreview.h
         MOC TextureGoto.h
         MOC ThumbnailStrip.h
         MOC ReplayOptionsSelector.h
         MOC OrderedListEditor.h
         MOC MarkerBreadcrumbs.h
         MOC APIInspector.h
    13>CustomBuild:
         Compiling SWIG interface
    18>CustomBuild:
         MOC ResourceInspector.h
    13>CustomBuild:
         Language subdirectory: python
         Search paths:
            .\
            D:\Projects\renderdoc\renderdoc\api\replay\
            .\swig_lib\python\
            D:\Projects\renderdoc\qrenderdoc\3rdparty\swig\Lib\python\
            .\swig_lib\
            D:\Projects\renderdoc\qrenderdoc\3rdparty\swig\Lib\
         Preprocessing...
         Starting language-specific parse...
    18>CustomBuild:
         MOC BufferViewer.h
         MOC DebugMessageView.h
         MOC LogView.h
         MOC CommentView.h
         MOC DescriptorViewer.h
         MOC AboutDialog.h
         MOC CrashDialog.h
         MOC AnalyticsConfirmDialog.h
         MOC AnalyticsPromptDialog.h
         MOC AxisMappingDialog.h
         MOC CameraControlsDialog.h
         MOC ProjectionGuessDialog.h
         MOC CaptureDialog.h
         MOC LiveCapture.h
         MOC EnvironmentEditor.h
         MOC RemoteManager.h
         MOC ExtensionManager.h
         MOC SettingsDialog.h
         MOC SuggestRemoteDialog.h
         MOC TextureSaveDialog.h
         MOC TipsDialog.h
         MOC ConfigEditor.h
         MOC VirtualFileDialog.h
         MOC EventBrowser.h
         MOC ExportWindow.h
         MOC ExportRunner.h
         MOC MainWindow.h
         MOC D3D11PipelineStateViewer.h
         MOC D3D12PipelineStateViewer.h
         MOC GLPipelineStateViewer.h
         MOC PipelineStateViewer.h
         MOC VulkanPipelineStateViewer.h
         MOC PixelHistoryView.h
         MOC ShaderViewer.h
         MOC ShaderMessageViewer.h
         MOC PythonShell.h
         MOC TimelineBar.h
         MOC PerformanceCounterViewer.h
         MOC StatisticsViewer.h
         MOC TextureViewer.h
         Compiling SWIG interface
         Language subdirectory: python
         Search paths:
            .\
            D:\Projects\renderdoc\renderdoc\api\replay\
            .\swig_lib\python\
            D:\Projects\renderdoc\qrenderdoc\3rdparty\swig\Lib\python\
            .\swig_lib\
            D:\Projects\renderdoc\qrenderdoc\3rdparty\swig\Lib\
         Preprocessing...
         Starting language-specific parse...
    17>CustomBuild:
         Processing types...
         C++ analysis...
         Processing nested classes...
         Generating wrappers...
    13>CustomBuild:
         Processing types...
         C++ analysis...
         Processing nested classes...
         Generating wrappers...
    18>CustomBuild:
         Processing types...
         C++ analysis...
         Processing nested classes...
         Generating wrappers...
         Compiling SWIG interface
         Language subdirectory: python
         Search paths:
            .\
            D:\Projects\renderdoc\renderdoc\api\replay\
            D:\Projects\renderdoc\qrenderdoc\.\
            .\swig_lib\python\
            D:\Projects\renderdoc\qrenderdoc\3rdparty\swig\Lib\python\
            .\swig_lib\
            D:\Projects\renderdoc\qrenderdoc\3rdparty\swig\Lib\
         Preprocessing...
         Starting language-specific parse...
         Processing types...
         C++ analysis...
         Processing nested classes...
         Generating wrappers...
         UIC BufferFormatSpecifier.ui
         UIC ComputeDebugSelector.ui
         UIC FindReplace.ui
         UIC ResourcePreview.ui
         UIC ThumbnailStrip.ui
         UIC ReplayOptionsSelector.ui
         UIC APIInspector.ui
         UIC ResourceInspector.ui
         UIC BufferViewer.ui
         UIC DebugMessageView.ui
         UIC LogView.ui
         UIC CommentView.ui
         UIC DescriptorViewer.ui
         UIC AboutDialog.ui
         UIC CrashDialog.ui
         UIC AnalyticsConfirmDialog.ui
         UIC AnalyticsPromptDialog.ui
         UIC AxisMappingDialog.ui
         UIC CameraControlsDialog.ui
         UIC ProjectionGuessDialog.ui
         UIC CaptureDialog.ui
         UIC LiveCapture.ui
         UIC EnvironmentEditor.ui
         UIC RemoteManager.ui
         UIC ExtensionManager.ui
         UIC SettingsDialog.ui
         UIC SuggestRemoteDialog.ui
         UIC TextureSaveDialog.ui
         UIC TipsDialog.ui
         UIC ConfigEditor.ui
         UIC VirtualFileDialog.ui
         UIC EventBrowser.ui
         UIC ExportWindow.ui
         UIC MainWindow.ui
         UIC D3D11PipelineStateViewer.ui
         UIC D3D12PipelineStateViewer.ui
         UIC GLPipelineStateViewer.ui
         UIC PipelineStateViewer.ui
         UIC VulkanPipelineStateViewer.ui
         UIC PixelHistoryView.ui
         UIC ShaderViewer.ui
         UIC ShaderMessageViewer.ui
         UIC PythonShell.ui
         UIC PerformanceCounterViewer.ui
         UIC StatisticsViewer.ui
         UIC TextureViewer.ui
         RCC resources.qrc
         RCC qtconf.qrc
         UIC PerformanceCounterSelection.ui
    17>ClCompile:
         D:\Program Files\Microsoft VisualStudio\VisualStudio 2026\VC\Tools\MSVC\14.50.35717\bin\HostX86\x64\CL.exe /c /ID:\Projects\renderdoc\qrenderdoc\Code\pyrenderdoc\..\..\ /ID:\Projects\renderdoc\\qrenderdoc\3rdparty\python\include /ID:\Projects\renderdoc\\renderdoc\api\replay /Zi /nologo /W4 /WX /diagnostics:column /MP /Od /GL /D RENDERDOC_PLATFORM_WIN32 /D WIN32 /D _WINDOWS /D _USRDLL /D WIN64 /D _WINDLL /D _UNICODE /D UNICODE /Gm- /EHsc /MD /GS- /fp:precise /Zc:wchar_t /Zc:forScope /Zc:inline /GR- /Fo"D:\Projects\renderdoc\x64\Development\obj\pyrenderdoc_module\\" /Fd"D:\Projects\renderdoc\x64\Development\obj\pyrenderdoc_module\vc145.pdb" /external:W4 /Gd /TP /FC /errorReport:queue /wd4100 /wd4512 /experimental:deterministic /pathmap:"D:\Projects\renderdoc\renderdoc"=R:\RenderDicSrc\core /pathmap:"D:\Projects\renderdoc\qrenderdoc"=R:\RenderDicSrc\ui /pathmap:"D:\Projects\renderdoc\renderdoccmd"=R:\RenderDicSrc\cmd /pathmap:"D:\Projects\renderdoc\renderdocshim"=R:\RenderDicSrc\shim /pathmap:"D:\Projects\renderdoc"=R:\RenderDicSrc pyrenderdoc_stub.cpp
    13>ClCompile:
         D:\Program Files\Microsoft VisualStudio\VisualStudio 2026\VC\Tools\MSVC\14.50.35717\bin\HostX86\x64\CL.exe /c /ID:\Projects\renderdoc\qrenderdoc\Code\pyrenderdoc\..\..\ /ID:\Projects\renderdoc\\qrenderdoc\3rdparty\python\include /ID:\Projects\renderdoc\\renderdoc\api\replay /Zi /nologo /W4 /WX /diagnostics:column /MP /Od /D RENDERDOC_PLATFORM_WIN32 /D WIN32 /D NDEBUG /D _WINDOWS /D _USRDLL /D WIN64 /D _WINDLL /D _UNICODE /D UNICODE /Gm- /EHsc /MD /GS- /fp:precise /Zc:wchar_t /Zc:forScope /Zc:inline /GR- /Fo"D:\Projects\renderdoc\x64\Development\obj\qrenderdoc_module\\" /Fd"D:\Projects\renderdoc\x64\Development\obj\qrenderdoc_module\vc145.pdb" /external:W4 /Gd /TP /wd4714 /FC /errorReport:queue /wd4100 /wd4512 /wd4127 /experimental:deterministic /pathmap:"D:\Projects\renderdoc\renderdoc"=R:\RenderDicSrc\core /pathmap:"D:\Projects\renderdoc\qrenderdoc"=R:\RenderDicSrc\ui /pathmap:"D:\Projects\renderdoc\renderdoccmd"=R:\RenderDicSrc\cmd /pathmap:"D:\Projects\renderdoc\renderdocshim"=R:\RenderDicSrc\shim /pathmap:"D:\Projects\renderdoc"=R:\RenderDicSrc pyrenderdoc_stub.cpp qrenderdoc_stub.cpp
    23>ClCompile:
         D:\Program Files\Microsoft VisualStudio\VisualStudio 2026\VC\Tools\MSVC\14.50.35717\bin\HostX86\x64\CL.exe /c /ID:\Projects\renderdoc\renderdocshim\ /ID:\Projects\renderdoc\renderdoc\api\ /ID:\Projects\renderdoc\renderdoc\api\replay /ID:\Projects\renderdoc\renderdoccmd\3rdparty\ /ID:\Projects\renderdoc\renderdoc\3rdparty\ /Zi /JMC /nologo /W3 /WX /diagnostics:column /Od /D WIN32 /D _CRT_SECURE_NO_WARNINGS /D WIN64 /D RENDERDOC_PLATFORM_WIN32 /D NDEBUG /D _CONSOLE /D PYTHON_AVAILABLE=1 /D _UNICODE /D UNICODE /Gm- /EHsc /RTC1 /MD /GS /fp:precise /Zc:wchar_t /Zc:forScope /Zc:inline /Fo"D:\Projects\renderdoc\x64\Development\obj\renderdiccmd\\" /Fd"D:\Projects\renderdoc\x64\Development\obj\renderdiccmd\vc145.pdb" /external:W3 /Gd /TC /FC /errorReport:queue /experimental:deterministic /pathmap:"D:\Projects\renderdoc\renderdoc"=R:\RenderDicSrc\core /pathmap:"D:\Projects\renderdoc\qrenderdoc"=R:\RenderDicSrc\ui /pathmap:"D:\Projects\renderdoc\renderdoccmd"=R:\RenderDicSrc\cmd /pathmap:"D:\Projects\renderdoc\renderdocshim"=R:\RenderDicSrc\shim /pathmap:"D:\Projects\renderdoc"=R:\RenderDicSrc ..\renderdoc\3rdparty\miniz\miniz.c
    18>ClCompile:
         D:\Program Files\Microsoft VisualStudio\VisualStudio 2026\VC\Tools\MSVC\14.50.35717\bin\HostX86\x64\CL.exe /c /ID:\Projects\renderdoc\qrenderdoc\ /I3rdparty /ID:\Projects\renderdoc\x64\Development\obj\qrenderdic\generated\ /ID:\Projects\renderdoc\\renderdoc\api\replay /ID:\Projects\renderdoc\\qrenderdoc\3rdparty\python\include /ID:\Projects\renderdoc\\qrenderdoc\3rdparty\pyside\include\PySide2 /ID:\Projects\renderdoc\\qrenderdoc\3rdparty\pyside\include\shiboken2 /ID:\Projects\renderdoc\qrenderdoc\3rdparty\qt\include /ID:\Projects\renderdoc\qrenderdoc\3rdparty\qt\include\QtWidgets /ID:\Projects\renderdoc\qrenderdoc\3rdparty\qt\include\QtGui /ID:\Projects\renderdoc\qrenderdoc\3rdparty\qt\include\QtCore /ID:\Projects\renderdoc\qrenderdoc\3rdparty\qt\include\QtSvg /ID:\Projects\renderdoc\qrenderdoc\3rdparty\qt\include\QtNetwork /Zi /nologo /W4 /WX /diagnostics:column /MP /Od /D PYSIDE2_ENABLED=0 /D _WINDOWS /D UNICODE /D WIN32 /D WIN64 /D RENDERDOC_PLATFORM_WIN32 /D SCINTILLA_QT=1 /D MAKING_LIBRARY=1 /D SCI_LEXER=1 /D QT_NO_CAST_FROM_ASCII /D QT_NO_CAST_TO_ASCII /D QT_WIDGETS_LIB /D QT_GUI_LIB /D QT_CORE_LIB /D QT_SVG_LIB /D WIN64 /Gm- /EHsc /MD /GS- /fp:precise /Zc:wchar_t /Zc:forScope /Zc:inline /GR /Yc"precompiled.h" /Fp"D:\Projects\renderdoc\x64\Development\obj\qrenderdic\qrenderdic.pch" /Fo"D:\Projects\renderdoc\x64\Development\obj\qrenderdic\\" /Fd"D:\Projects\renderdoc\x64\Development\obj\qrenderdic\vc145.pdb" /external:W4 /Gd /TP /wd4100 /wd4127 /wd4189 /wd4714 /wd4718 /wd4996 /FIprecompiled.h /FC /errorReport:queue /w44062 /w44840 /Zc:strictStrings /Zc:throwingNew /experimental:deterministic /pathmap:"D:\Projects\renderdoc\renderdoc"=R:\RenderDicSrc\core /pathmap:"D:\Projects\renderdoc\qrenderdoc"=R:\RenderDicSrc\ui /pathmap:"D:\Projects\renderdoc\renderdoccmd"=R:\RenderDicSrc\cmd /pathmap:"D:\Projects\renderdoc\renderdocshim"=R:\RenderDicSrc\shim /pathmap:"D:\Projects\renderdoc"=R:\RenderDicSrc Code\precompiled.cpp
    17>ClCompile:
         pyrenderdoc_stub.cpp
    23>ClCompile:
         miniz.c
    13>ClCompile:
         pyrenderdoc_stub.cpp
         qrenderdoc_stub.cpp
    18>ClCompile:
         precompiled.cpp
    23>ClCompile:
         D:\Program Files\Microsoft VisualStudio\VisualStudio 2026\VC\Tools\MSVC\14.50.35717\bin\HostX86\x64\CL.exe /c /ID:\Projects\renderdoc\renderdocshim\ /ID:\Projects\renderdoc\renderdoc\api\ /ID:\Projects\renderdoc\renderdoc\api\replay /ID:\Projects\renderdoc\renderdoccmd\3rdparty\ /ID:\Projects\renderdoc\renderdoc\3rdparty\ /Zi /JMC /nologo /W3 /WX /diagnostics:column /Od /D WIN32 /D _CRT_SECURE_NO_WARNINGS /D WIN64 /D RENDERDOC_PLATFORM_WIN32 /D NDEBUG /D _CONSOLE /D PYTHON_AVAILABLE=1 /D _UNICODE /D UNICODE /Gm- /EHsc /RTC1 /MD /GS /fp:precise /Zc:wchar_t /Zc:forScope /Zc:inline /Fo"D:\Projects\renderdoc\x64\Development\obj\renderdiccmd\\" /Fd"D:\Projects\renderdoc\x64\Development\obj\renderdiccmd\vc145.pdb" /external:W3 /Gd /TP /FC /errorReport:queue /experimental:deterministic /pathmap:"D:\Projects\renderdoc\renderdoc"=R:\RenderDicSrc\core /pathmap:"D:\Projects\renderdoc\qrenderdoc"=R:\RenderDicSrc\ui /pathmap:"D:\Projects\renderdoc\renderdoccmd"=R:\RenderDicSrc\cmd /pathmap:"D:\Projects\renderdoc\renderdocshim"=R:\RenderDicSrc\shim /pathmap:"D:\Projects\renderdoc"=R:\RenderDicSrc renderdoccmd.cpp renderdoccmd_win32.cpp
         renderdoccmd.cpp
    17>ClCompile:
         D:\Program Files\Microsoft VisualStudio\VisualStudio 2026\VC\Tools\MSVC\14.50.35717\bin\HostX86\x64\CL.exe /c /ID:\Projects\renderdoc\qrenderdoc\Code\pyrenderdoc\..\..\ /ID:\Projects\renderdoc\\qrenderdoc\3rdparty\python\include /ID:\Projects\renderdoc\\renderdoc\api\replay /Zi /nologo /W4 /WX /diagnostics:column /MP /Od /GL /D RENDERDOC_PLATFORM_WIN32 /D WIN32 /D _WINDOWS /D _USRDLL /D WIN64 /D _WINDLL /D _UNICODE /D UNICODE /Gm- /EHsc /MD /GS- /fp:precise /Zc:wchar_t /Zc:forScope /Zc:inline /GR- /Fo"D:\Projects\renderdoc\x64\Development\obj\pyrenderdoc_module\\" /Fd"D:\Projects\renderdoc\x64\Development\obj\pyrenderdoc_module\vc145.pdb" /external:W4 /Gd /TP /wd4127 /wd4189 /wd4456 /wd4459 /wd4701 /wd4244 /wd4706 /wd4101 /FC /errorReport:queue /bigobj /wd4100 /wd4512 /experimental:deterministic /pathmap:"D:\Projects\renderdoc\renderdoc"=R:\RenderDicSrc\core /pathmap:"D:\Projects\renderdoc\qrenderdoc"=R:\RenderDicSrc\ui /pathmap:"D:\Projects\renderdoc\renderdoccmd"=R:\RenderDicSrc\cmd /pathmap:"D:\Projects\renderdoc\renderdocshim"=R:\RenderDicSrc\shim /pathmap:"D:\Projects\renderdoc"=R:\RenderDicSrc D:\Projects\renderdoc\x64\Development\obj\pyrenderdoc_module\generated\renderdoc_module_python.cxx
         renderdoc_module_python.cxx
    13>ClCompile:
         D:\Program Files\Microsoft VisualStudio\VisualStudio 2026\VC\Tools\MSVC\14.50.35717\bin\HostX86\x64\CL.exe /c /ID:\Projects\renderdoc\qrenderdoc\Code\pyrenderdoc\..\..\ /ID:\Projects\renderdoc\\qrenderdoc\3rdparty\python\include /ID:\Projects\renderdoc\\renderdoc\api\replay /Zi /nologo /W4 /WX /diagnostics:column /MP /Od /D RENDERDOC_PLATFORM_WIN32 /D WIN32 /D NDEBUG /D _WINDOWS /D _USRDLL /D WIN64 /D _WINDLL /D _UNICODE /D UNICODE /Gm- /EHsc /MD /GS- /fp:precise /Zc:wchar_t /Zc:forScope /Zc:inline /GR- /Fo"D:\Projects\renderdoc\x64\Development\obj\qrenderdoc_module\\" /Fd"D:\Projects\renderdoc\x64\Development\obj\qrenderdoc_module\vc145.pdb" /external:W4 /Gd /TP /wd4127 /wd4189 /wd4456 /wd4459 /wd4701 /wd4244 /wd4706 /wd4101 /wd4714 /FC /errorReport:queue /wd4100 /wd4512 /wd4127 /experimental:deterministic /pathmap:"D:\Projects\renderdoc\renderdoc"=R:\RenderDicSrc\core /pathmap:"D:\Projects\renderdoc\qrenderdoc"=R:\RenderDicSrc\ui /pathmap:"D:\Projects\renderdoc\renderdoccmd"=R:\RenderDicSrc\cmd /pathmap:"D:\Projects\renderdoc\renderdocshim"=R:\RenderDicSrc\shim /pathmap:"D:\Projects\renderdoc"=R:\RenderDicSrc D:\Projects\renderdoc\x64\Development\obj\qrenderdoc_module\generated\qrenderdoc_module_python.cxx
         qrenderdoc_module_python.cxx
    23>ClCompile:
         renderdoccmd_win32.cpp
    18>ClCompile:
         D:\Program Files\Microsoft VisualStudio\VisualStudio 2026\VC\Tools\MSVC\14.50.35717\bin\HostX86\x64\CL.exe /c /I3rdparty\scintilla\include /I3rdparty\scintilla\include\qt /I3rdparty\scintilla\src /I3rdparty\scintilla\lexlib /ID:\Projects\renderdoc\qrenderdoc\ /I3rdparty /ID:\Projects\renderdoc\x64\Development\obj\qrenderdic\generated\ /ID:\Projects\renderdoc\\renderdoc\api\replay /ID:\Projects\renderdoc\\qrenderdoc\3rdparty\python\include /ID:\Projects\renderdoc\\qrenderdoc\3rdparty\pyside\include\PySide2 /ID:\Projects\renderdoc\\qrenderdoc\3rdparty\pyside\include\shiboken2 /ID:\Projects\renderdoc\qrenderdoc\3rdparty\qt\include /ID:\Projects\renderdoc\qrenderdoc\3rdparty\qt\include\QtWidgets /ID:\Projects\renderdoc\qrenderdoc\3rdparty\qt\include\QtGui /ID:\Projects\renderdoc\qrenderdoc\3rdparty\qt\include\QtCore /ID:\Projects\renderdoc\qrenderdoc\3rdparty\qt\include\QtSvg /ID:\Projects\renderdoc\qrenderdoc\3rdparty\qt\include\QtNetwork /Zi /nologo /W4 /WX /diagnostics:column /MP /Od /D _CRT_SECURE_NO_WARNINGS /D PYSIDE2_ENABLED=0 /D _WINDOWS /D UNICODE /D WIN32 /D WIN64 /D RENDERDOC_PLATFORM_WIN32 /D SCINTILLA_QT=1 /D MAKING_LIBRARY=1 /D SCI_LEXER=1 /D QT_NO_CAST_FROM_ASCII /D QT_NO_CAST_TO_ASCII /D QT_WIDGETS_LIB /D QT_GUI_LIB /D QT_CORE_LIB /D QT_SVG_LIB /D WIN64 /Gm- /EHsc /MD /GS- /fp:precise /Zc:wchar_t /Zc:forScope /Zc:inline /GR /Fo"D:\Projects\renderdoc\x64\Development\obj\qrenderdic\\" /Fd"D:\Projects\renderdoc\x64\Development\obj\qrenderdic\vc145.pdb" /external:W4 /Gd /TP /wd4244 /wd4458 /wd4100 /wd4127 /wd4189 /wd4714 /wd4718 /wd4996 /FC /errorReport:queue /w44062 /w44840 /Zc:strictStrings /Zc:throwingNew /experimental:deterministic /pathmap:"D:\Projects\renderdoc\renderdoc"=R:\RenderDicSrc\core /pathmap:"D:\Projects\renderdoc\qrenderdoc"=R:\RenderDicSrc\ui /pathmap:"D:\Projects\renderdoc\renderdoccmd"=R:\RenderDicSrc\cmd /pathmap:"D:\Projects\renderdoc\renderdocshim"=R:\RenderDicSrc\shim /pathmap:"D:\Projects\renderdoc"=R:\RenderDicSrc 3rdparty\scintilla\lexers\LexCPP.cxx 3rdparty\scintilla\lexers\LexDiff.cxx 3rdparty\scintilla\lexers\LexErrorList.cxx 3rdparty\scintilla\lexers\LexHTML.cxx 3rdparty\scintilla\lexers\LexJSON.cxx 3rdparty\scintilla\lexers\LexNull.cxx 3rdparty\scintilla\lexers\LexPython.cxx 3rdparty\scintilla\lexers\LexRust.cxx 3rdparty\scintilla\lexlib\Accessor.cxx 3rdparty\scintilla\lexlib\CharacterCategory.cxx 3rdparty\scintilla\lexlib\CharacterSet.cxx 3rdparty\scintilla\lexlib\LexerBase.cxx 3rdparty\scintilla\lexlib\LexerModule.cxx 3rdparty\scintilla\lexlib\LexerNoExceptions.cxx 3rdparty\scintilla\lexlib\LexerSimple.cxx 3rdparty\scintilla\lexlib\PropSetSimple.cxx 3rdparty\scintilla\lexlib\StyleContext.cxx 3rdparty\scintilla\lexlib\WordList.cxx 3rdparty\scintilla\qt\ScintillaEditBase\PlatQt.cpp 3rdparty\scintilla\qt\ScintillaEditBase\ScintillaEditBase.cpp 3rdparty\scintilla\qt\ScintillaEditBase\ScintillaQt.cpp 3rdparty\scintilla\qt\ScintillaEdit\ScintillaDocument.cpp 3rdparty\scintilla\qt\ScintillaEdit\ScintillaEdit.cpp 3rdparty\scintilla\src\AutoComplete.cxx 3rdparty\scintilla\src\CallTip.cxx 3rdparty\scintilla\src\CaseConvert.cxx 3rdparty\scintilla\src\CaseFolder.cxx 3rdparty\scintilla\src\Catalogue.cxx 3rdparty\scintilla\src\CellBuffer.cxx 3rdparty\scintilla\src\CharClassify.cxx 3rdparty\scintilla\src\ContractionState.cxx 3rdparty\scintilla\src\Decoration.cxx 3rdparty\scintilla\src\Document.cxx 3rdparty\scintilla\src\EditModel.cxx 3rdparty\scintilla\src\Editor.cxx 3rdparty\scintilla\src\EditView.cxx 3rdparty\scintilla\src\ExternalLexer.cxx 3rdparty\scintilla\src\Indicator.cxx 3rdparty\scintilla\src\KeyMap.cxx 3rdparty\scintilla\src\LineMarker.cxx 3rdparty\scintilla\src\MarginView.cxx 3rdparty\scintilla\src\PerLine.cxx 3rdparty\scintilla\src\PositionCache.cxx 3rdparty\scintilla\src\RESearch.cxx 3rdparty\scintilla\src\RunStyles.cxx 3rdparty\scintilla\src\ScintillaBase.cxx 3rdparty\scintilla\src\Selection.cxx 3rdparty\scintilla\src\Style.cxx 3rdparty\scintilla\src\UniConversion.cxx 3rdparty\scintilla\src\ViewStyle.cxx 3rdparty\scintilla\src\XPM.cxx
         LexCPP.cxx
         LexDiff.cxx
         LexErrorList.cxx
         LexHTML.cxx
         LexJSON.cxx
         LexNull.cxx
         LexPython.cxx
         LexRust.cxx
         Accessor.cxx
         CharacterCategory.cxx
         CharacterSet.cxx
         LexerBase.cxx
         LexerModule.cxx
         LexerNoExceptions.cxx
         LexerSimple.cxx
         PropSetSimple.cxx
         StyleContext.cxx
         WordList.cxx
         PlatQt.cpp
         ScintillaEditBase.cpp
         ScintillaQt.cpp
         ScintillaDocument.cpp
         ScintillaEdit.cpp
         AutoComplete.cxx
         CallTip.cxx
         CaseConvert.cxx
         CaseFolder.cxx
         Catalogue.cxx
         CellBuffer.cxx
         CharClassify.cxx
         ContractionState.cxx
         Decoration.cxx
         Document.cxx
         EditModel.cxx
         Editor.cxx
         EditView.cxx
         ExternalLexer.cxx
    23>ClCompile:
         正在生成代码...
    18>ClCompile:
         Indicator.cxx
         KeyMap.cxx
         LineMarker.cxx
         MarginView.cxx
         PerLine.cxx
         PositionCache.cxx
         RESearch.cxx
         RunStyles.cxx
         ScintillaBase.cxx
         Selection.cxx
         Style.cxx
         UniConversion.cxx
         ViewStyle.cxx
    23>ResourceCompile:
         D:\Windows Kits\10\bin\10.0.28000.0\x86\rc.exe /D _UNICODE /D UNICODE /l"0x0409" /ID:\Projects\renderdoc\renderdoc\api\replay /nologo /fo"D:\Projects\renderdoc\x64\Development\obj\renderdiccmd\renderdoccmd.res" renderdoccmd.rc 
    18>ClCompile:
         XPM.cxx
    13>ClCompile:
         D:\Program Files\Microsoft VisualStudio\VisualStudio 2026\VC\Tools\MSVC\14.50.35717\bin\HostX86\x64\CL.exe /c /ID:\Projects\renderdoc\qrenderdoc\Code\pyrenderdoc\..\..\ /ID:\Projects\renderdoc\\qrenderdoc\3rdparty\python\include /ID:\Projects\renderdoc\\renderdoc\api\replay /Zi /nologo /W4 /WX /diagnostics:column /MP /Od /D RENDERDOC_PLATFORM_WIN32 /D WIN32 /D NDEBUG /D _WINDOWS /D _USRDLL /D WIN64 /D _WINDLL /D _UNICODE /D UNICODE /Gm- /EHsc /MD /GS- /fp:precise /Zc:wchar_t /Zc:forScope /Zc:inline /GR- /Fo"D:\Projects\renderdoc\x64\Development\obj\qrenderdoc_module\\" /Fd"D:\Projects\renderdoc\x64\Development\obj\qrenderdoc_module\vc145.pdb" /external:W4 /Gd /TP /wd4127 /wd4189 /wd4456 /wd4459 /wd4701 /wd4244 /wd4706 /wd4101 /wd4714 /FC /errorReport:queue /bigobj /wd4100 /wd4512 /wd4127 /experimental:deterministic /pathmap:"D:\Projects\renderdoc\renderdoc"=R:\RenderDicSrc\core /pathmap:"D:\Projects\renderdoc\qrenderdoc"=R:\RenderDicSrc\ui /pathmap:"D:\Projects\renderdoc\renderdoccmd"=R:\RenderDicSrc\cmd /pathmap:"D:\Projects\renderdoc\renderdocshim"=R:\RenderDicSrc\shim /pathmap:"D:\Projects\renderdoc"=R:\RenderDicSrc D:\Projects\renderdoc\x64\Development\obj\qrenderdoc_module\generated\renderdoc_module_python.cxx
         renderdoc_module_python.cxx
    23>Link:
         D:\Program Files\Microsoft VisualStudio\VisualStudio 2026\VC\Tools\MSVC\14.50.35717\bin\HostX86\x64\link.exe /ERRORREPORT:QUEUE /OUT:"D:\Projects\renderdoc\\x64\Development\renderdiccmd.exe" /INCREMENTAL /ILK:"D:\Projects\renderdoc\x64\Development\obj\renderdiccmd\renderdiccmd.ilk" /NOLOGO psapi.lib ws2_32.lib Wininet.lib kernel32.lib user32.lib gdi32.lib winspool.lib comdlg32.lib advapi32.lib shell32.lib ole32.lib oleaut32.lib uuid.lib odbc32.lib odbccp32.lib /MANIFEST /MANIFESTUAC:"level='asInvoker' uiAccess='false'" /manifest:embed /DEBUG /PDB:"D:\Projects\renderdoc\\x64\Development\renderdiccmd.pdb" /SUBSYSTEM:CONSOLE /TLBID:1 /DYNAMICBASE /NXCOMPAT /IMPLIB:"D:\Projects\renderdoc\\x64\Development\renderdiccmd.lib" /MACHINE:X64 /PDBALTPATH:%_PDB% D:\Projects\renderdoc\x64\Development\obj\renderdiccmd\renderdoccmd.res
         D:\Projects\renderdoc\x64\Development\obj\renderdiccmd\miniz.obj
         D:\Projects\renderdoc\x64\Development\obj\renderdiccmd\renderdoccmd.obj
         D:\Projects\renderdoc\x64\Development\obj\renderdiccmd\renderdoccmd_win32.obj
         D:\Projects\renderdoc\x64\Development\renderdic.lib
         D:\Projects\renderdoc\x64\Development\version.lib
           正在创建库 D:\Projects\renderdoc\\x64\Development\renderdiccmd.lib 和对象 D:\Projects\renderdoc\\x64\Development\renderdiccmd.exp
    18>ClCompile:
         D:\Program Files\Microsoft VisualStudio\VisualStudio 2026\VC\Tools\MSVC\14.50.35717\bin\HostX86\x64\CL.exe /c /ID:\Projects\renderdoc\qrenderdoc\ /I3rdparty /ID:\Projects\renderdoc\x64\Development\obj\qrenderdic\generated\ /ID:\Projects\renderdoc\\renderdoc\api\replay /ID:\Projects\renderdoc\\qrenderdoc\3rdparty\python\include /ID:\Projects\renderdoc\\qrenderdoc\3rdparty\pyside\include\PySide2 /ID:\Projects\renderdoc\\qrenderdoc\3rdparty\pyside\include\shiboken2 /ID:\Projects\renderdoc\qrenderdoc\3rdparty\qt\include /ID:\Projects\renderdoc\qrenderdoc\3rdparty\qt\include\QtWidgets /ID:\Projects\renderdoc\qrenderdoc\3rdparty\qt\include\QtGui /ID:\Projects\renderdoc\qrenderdoc\3rdparty\qt\include\QtCore /ID:\Projects\renderdoc\qrenderdoc\3rdparty\qt\include\QtSvg /ID:\Projects\renderdoc\qrenderdoc\3rdparty\qt\include\QtNetwork /Zi /nologo /W4 /WX /diagnostics:column /MP /Od /D PYSIDE2_ENABLED=0 /D _WINDOWS /D UNICODE /D WIN32 /D WIN64 /D RENDERDOC_PLATFORM_WIN32 /D SCINTILLA_QT=1 /D MAKING_LIBRARY=1 /D SCI_LEXER=1 /D QT_NO_CAST_FROM_ASCII /D QT_NO_CAST_TO_ASCII /D QT_WIDGETS_LIB /D QT_GUI_LIB /D QT_CORE_LIB /D QT_SVG_LIB /D WIN64 /Gm- /EHsc /MD /GS- /fp:precise /Zc:wchar_t /Zc:forScope /Zc:inline /GR /Yu"precompiled.h" /Fp"D:\Projects\renderdoc\x64\Development\obj\qrenderdic\qrenderdic.pch" /Fo"D:\Projects\renderdoc\x64\Development\obj\qrenderdic\\" /Fd"D:\Projects\renderdoc\x64\Development\obj\qrenderdic\vc145.pdb" /external:W4 /Gd /TP /wd4100 /wd4127 /wd4189 /wd4714 /wd4718 /wd4996 /FIprecompiled.h /FC /errorReport:queue /w44062 /w44840 /Zc:strictStrings /Zc:throwingNew /experimental:deterministic /pathmap:"D:\Projects\renderdoc\renderdoc"=R:\RenderDicSrc\core /pathmap:"D:\Projects\renderdoc\qrenderdoc"=R:\RenderDicSrc\ui /pathmap:"D:\Projects\renderdoc\renderdoccmd"=R:\RenderDicSrc\cmd /pathmap:"D:\Projects\renderdoc\renderdocshim"=R:\RenderDicSrc\shim /pathmap:"D:\Projects\renderdoc"=R:\RenderDicSrc Code\BufferFormatter.cpp Code\Interface\Analytics.cpp Code\Interface\Helpers.cpp Code\Interface\PersistentConfig.cpp Code\Interface\QRDInterface.cpp Code\Interface\RemoteHost.cpp Code\Interface\ShaderProcessingTool.cpp Code\qprocessinfo.cpp Code\pyrenderdoc\PythonContext.cpp Code\QRDUtils.cpp Code\MiniQtHelper.cpp Code\Resources.cpp Code\RGPInterop.cpp Code\ScintillaSyntax.cpp D:\Projects\renderdoc\x64\Development\obj\qrenderdic\generated\moc_RDStyle.cpp D:\Projects\renderdoc\x64\Development\obj\qrenderdic\generated\moc_RDTweakedNativeStyle.cpp D:\Projects\renderdoc\x64\Development\obj\qrenderdic\generated\moc_AboutDialog.cpp D:\Projects\renderdoc\x64\Development\obj\qrenderdic\generated\moc_CrashDialog.cpp D:\Projects\renderdoc\x64\Development\obj\qrenderdic\generated\moc_AnalyticsConfirmDialog.cpp D:\Projects\renderdoc\x64\Development\obj\qrenderdic\generated\moc_AnalyticsPromptDialog.cpp D:\Projects\renderdoc\x64\Development\obj\qrenderdic\generated\moc_APIInspector.cpp D:\Projects\renderdoc\x64\Development\obj\qrenderdic\generated\moc_AxisMappingDialog.cpp D:\Projects\renderdoc\x64\Development\obj\qrenderdic\generated\moc_CameraControlsDialog.cpp D:\Projects\renderdoc\x64\Development\obj\qrenderdic\generated\moc_ProjectionGuessDialog.cpp D:\Projects\renderdoc\x64\Development\obj\qrenderdic\generated\moc_ResourceInspector.cpp D:\Projects\renderdoc\x64\Development\obj\qrenderdic\generated\moc_BufferFormatSpecifier.cpp D:\Projects\renderdoc\x64\Development\obj\qrenderdic\generated\moc_ComputeDebugSelector.cpp D:\Projects\renderdoc\x64\Development\obj\qrenderdic\generated\moc_FindReplace.cpp D:\Projects\renderdoc\x64\Development\obj\qrenderdic\generated\moc_BufferViewer.cpp D:\Projects\renderdoc\x64\Development\obj\qrenderdic\generated\moc_CaptureDialog.cpp D:\Projects\renderdoc\x64\Development\obj\qrenderdic\generated\moc_CustomPaintWidget.cpp D:\Projects\renderdoc\x64\Development\obj\qrenderdic\generated\moc_D3D11PipelineStateViewer.cpp D:\Projects\renderdoc\x64\Development\obj\qrenderdic\generated\moc_D3D12PipelineStateViewer.cpp D:\Projects\renderdoc\x64\Development\obj\qrenderdic\generated\moc_DebugMessageView.cpp D:\Projects\renderdoc\x64\Development\obj\qrenderdic\generated\moc_LogView.cpp D:\Projects\renderdoc\x64\Development\obj\qrenderdic\generated\moc_CommentView.cpp D:\Projects\renderdoc\x64\Development\obj\qrenderdic\generated\moc_DescriptorViewer.cpp D:\Projects\renderdoc\x64\Development\obj\qrenderdic\generated\moc_EventBrowser.cpp D:\Projects\renderdoc\x64\Development\obj\qrenderdic\generated\moc_ExportWindow.cpp D:\Projects\renderdoc\x64\Development\obj\qrenderdic\generated\moc_ExportRunner.cpp D:\Projects\renderdoc\x64\Development\obj\qrenderdic\generated\moc_GLPipelineStateViewer.cpp D:\Projects\renderdoc\x64\Development\obj\qrenderdic\generated\moc_LiveCapture.cpp D:\Projects\renderdoc\x64\Development\obj\qrenderdic\generated\moc_EnvironmentEditor.cpp D:\Projects\renderdoc\x64\Development\obj\qrenderdic\generated\moc_OrderedListEditor.cpp D:\Projects\renderdoc\x64\Development\obj\qrenderdic\generated\moc_MarkerBreadcrumbs.cpp D:\Projects\renderdoc\x64\Development\obj\qrenderdic\generated\moc_RemoteManager.cpp D:\Projects\renderdoc\x64\Development\obj\qrenderdic\generated\moc_ExtensionManager.cpp D:\Projects\renderdoc\x64\Development\obj\qrenderdic\generated\moc_PerformanceCounterSelection.cpp D:\Projects\renderdoc\x64\Development\obj\qrenderdic\generated\moc_PerformanceCounterViewer.cpp D:\Projects\renderdoc\x64\Development\obj\qrenderdic\generated\moc_PipelineStateViewer.cpp D:\Projects\renderdoc\x64\Development\obj\qrenderdic\generated\moc_PythonContext.cpp D:\Projects\renderdoc\x64\Development\obj\qrenderdic\generated\moc_QRDUtils.cpp D:\Projects\renderdoc\x64\Development\obj\qrenderdic\generated\moc_PipelineFlowChart.cpp D:\Projects\renderdoc\x64\Development\obj\qrenderdic\generated\moc_RangeHistogram.cpp D:\Projects\renderdoc\x64\Development\obj\qrenderdic\generated\moc_AnnotationDisplay.cpp D:\Projects\renderdoc\x64\Development\obj\qrenderdic\generated\moc_CollapseGroupBox.cpp D:\Projects\renderdoc\x64\Development\obj\qrenderdic\generated\moc_RDDoubleSpinBox.cpp D:\Projects\renderdoc\x64\Development\obj\qrenderdic\generated\moc_RDSplitter.cpp D:\Projects\renderdoc\x64\Development\obj\qrenderdic\generated\moc_RDLabel.cpp D:\Projects\renderdoc\x64\Development\obj\qrenderdic\generated\moc_RDMenu.cpp D:\Projects\renderdoc\x64\Development\obj\qrenderdic\generated\moc_RDHeaderView.cpp D:\Projects\renderdoc\x64\Development\obj\qrenderdic\generated\moc_RDToolButton.cpp D:\Projects\renderdoc\x64\Development\obj\qrenderdic\generated\moc_RDLineEdit.cpp D:\Projects\renderdoc\x64\Development\obj\qrenderdic\generated\moc_RDTextEdit.cpp D:\Projects\renderdoc\x64\Development\obj\qrenderdic\generated\moc_MainWindow.cpp D:\Projects\renderdoc\x64\Development\obj\qrenderdic\generated\moc_RDListView.cpp D:\Projects\renderdoc\x64\Development\obj\qrenderdic\generated\moc_RDListWidget.cpp D:\Projects\renderdoc\x64\Development\obj\qrenderdic\generated\moc_RDTableView.cpp D:\Projects\renderdoc\x64\Development\obj\qrenderdic\generated\moc_RDTableWidget.cpp D:\Projects\renderdoc\x64\Development\obj\qrenderdic\generated\moc_RDTreeView.cpp D:\Projects\renderdoc\x64\Development\obj\qrenderdic\generated\moc_RDToolTip.cpp D:\Projects\renderdoc\x64\Development\obj\qrenderdic\generated\moc_RDTreeWidget.cpp D:\Projects\renderdoc\x64\Development\obj\qrenderdic\generated\moc_ResourcePreview.cpp D:\Projects\renderdoc\x64\Development\obj\qrenderdic\generated\moc_SettingsDialog.cpp D:\Projects\renderdoc\x64\Development\obj\qrenderdic\generated\moc_ShaderViewer.cpp D:\Projects\renderdoc\x64\Development\obj\qrenderdic\generated\moc_ShaderMessageViewer.cpp D:\Projects\renderdoc\x64\Development\obj\qrenderdic\generated\moc_PythonShell.cpp D:\Projects\renderdoc\x64\Development\obj\qrenderdic\generated\moc_PixelHistoryView.cpp D:\Projects\renderdoc\x64\Development\obj\qrenderdic\generated\moc_StatisticsViewer.cpp D:\Projects\renderdoc\x64\Development\obj\qrenderdic\generated\moc_TimelineBar.cpp D:\Projects\renderdoc\x64\Development\obj\qrenderdic\generated\moc_SuggestRemoteDialog.cpp D:\Projects\renderdoc\x64\Development\obj\qrenderdic\generated\moc_TextureGoto.cpp D:\Projects\renderdoc\x64\Development\obj\qrenderdic\generated\moc_TextureSaveDialog.cpp D:\Projects\renderdoc\x64\Development\obj\qrenderdic\generated\moc_TextureViewer.cpp D:\Projects\renderdoc\x64\Development\obj\qrenderdic\generated\moc_TipsDialog.cpp D:\Projects\renderdoc\x64\Development\obj\qrenderdic\generated\moc_ConfigEditor.cpp D:\Projects\renderdoc\x64\Development\obj\qrenderdic\generated\moc_ThumbnailStrip.cpp D:\Projects\renderdoc\x64\Development\obj\qrenderdic\generated\moc_ReplayOptionsSelector.cpp D:\Projects\renderdoc\x64\Development\obj\qrenderdic\generated\moc_ToolWindowManager.cpp D:\Projects\renderdoc\x64\Development\obj\qrenderdic\generated\moc_ToolWindowManagerArea.cpp D:\Projects\renderdoc\x64\Development\obj\qrenderdic\generated\moc_ToolWindowManagerSplitter.cpp D:\Projects\renderdoc\x64\Development\obj\qrenderdic\generated\moc_ToolWindowManagerTabBar.cpp D:\Projects\renderdoc\x64\Development\obj\qrenderdic\generated\moc_ToolWindowManagerWrapper.cpp D:\Projects\renderdoc\x64\Development\obj\qrenderdic\generated\moc_VirtualFileDialog.cpp D:\Projects\renderdoc\x64\Development\obj\qrenderdic\generated\moc_VulkanPipelineStateViewer.cpp D:\Projects\renderdoc\x64\Development\obj\qrenderdic\generated\qrc_resources.cpp D:\Projects\renderdoc\x64\Development\obj\qrenderdic\generated\qrc_qtconf.cpp Widgets\BufferFormatSpecifier.cpp Widgets\CollapseGroupBox.cpp Widgets\ComputeDebugSelector.cpp Widgets\FindReplace.cpp Widgets\Extended\RDListWidget.cpp Widgets\Extended\RDTableView.cpp Widgets\Extended\RDTableWidget.cpp Widgets\Extended\RDTreeView.cpp Widgets\Extended\RDToolTip.cpp Widgets\Extended\RDTreeWidget.cpp Widgets\PipelineFlowChart.cpp Widgets\RangeHistogram.cpp Widgets\AnnotationDisplay.cpp Widgets\Extended\RDDoubleSpinBox.cpp Widgets\Extended\RDSplitter.cpp Widgets\Extended\RDLabel.cpp Widgets\Extended\RDMenu.cpp Widgets\Extended\RDHeaderView.cpp Widgets\Extended\RDToolButton.cpp Widgets\Extended\RDListView.cpp Widgets\ResourcePreview.cpp Widgets\TextureGoto.cpp Widgets\ThumbnailStrip.cpp Widgets\ReplayOptionsSelector.cpp Widgets\OrderedListEditor.cpp Widgets\MarkerBreadcrumbs.cpp Code\CaptureContext.cpp Code\KernelInjector\driver_loader.cpp Code\KernelInjector\kernel_injector.cpp Code\KernelInjector\kernel_mem.cpp Code\KernelInjector\kernel_scan.cpp Code\KernelInjector\manual_map.cpp Code\KernelInjector\trace_cleanup.cpp Styles\RDStyle\RDStyle.cpp Styles\StyleData.cpp Styles\RDTweakedNativeStyle\RDTweakedNativeStyle.cpp Widgets\CustomPaintWidget.cpp Windows\APIInspector.cpp Windows\ResourceInspector.cpp Windows\BufferViewer.cpp Windows\DebugMessageView.cpp Windows\LogView.cpp Windows\CommentView.cpp Windows\DescriptorViewer.cpp Windows\Dialogs\AboutDialog.cpp Windows\Dialogs\CrashDialog.cpp Windows\Dialogs\AnalyticsConfirmDialog.cpp Windows\Dialogs\AnalyticsPromptDialog.cpp Windows\Dialogs\AxisMappingDialog.cpp Windows\Dialogs\CameraControlsDialog.cpp Windows\Dialogs\ProjectionGuessDialog.cpp Windows\Dialogs\CaptureDialog.cpp Windows\Dialogs\LiveCapture.cpp Windows\Dialogs\EnvironmentEditor.cpp Windows\Dialogs\PerformanceCounterSelection.cpp Windows\Dialogs\RemoteManager.cpp Windows\Dialogs\ExtensionManager.cpp Windows\Dialogs\SettingsDialog.cpp Windows\Dialogs\SuggestRemoteDialog.cpp Windows\Dialogs\TextureSaveDialog.cpp Windows\Dialogs\TipsDialog.cpp Windows\Dialogs\ConfigEditor.cpp Windows\Dialogs\VirtualFileDialog.cpp Windows\EventBrowser.cpp Windows\ExportWindow.cpp Code\ResourceExport\ExportRunner.cpp Code\ResourceExport\GltfWriter.cpp Code\ResourceExport\MeshExtractor.cpp Code\ResourceExport\ObjWriter.cpp Code\ResourceExport\TextureExporter.cpp Widgets\Extended\RDLineEdit.cpp Widgets\Extended\RDTextEdit.cpp Windows\MainWindow.cpp Code\ReplayManager.cpp Windows\PipelineState\D3D11PipelineStateViewer.cpp Windows\PipelineState\D3D12PipelineStateViewer.cpp Windows\PipelineState\GLPipelineStateViewer.cpp Windows\PipelineState\PipelineStateViewer.cpp Windows\PipelineState\VulkanPipelineStateViewer.cpp Windows\ShaderViewer.cpp Windows\ShaderMessageViewer.cpp Windows\PythonShell.cpp Windows\PixelHistoryView.cpp Windows\PerformanceCounterViewer.cpp Windows\StatisticsViewer.cpp Windows\TimelineBar.cpp Windows\TextureViewer.cpp Code\qrenderdoc.cpp
    23>Link:
         renderdoccmd.vcxproj -> D:\Projects\renderdoc\x64\Development\renderdiccmd.exe
       FinalizeBuildStatus:
         正在删除文件“D:\Projects\renderdoc\x64\Development\obj\renderdiccmd\renderdiccmd.tlog\unsuccessfulbuild”。
         正在对“D:\Projects\renderdoc\x64\Development\obj\renderdiccmd\renderdiccmd.tlog\renderdiccmd.lastbuildstate”执行 Touch 任务。
    23>已完成生成项目“D:\Projects\renderdoc\renderdoccmd\renderdoccmd.vcxproj”(Rebuild 个目标)的操作。
     3>已完成生成项目“D:\Projects\renderdoc\renderdoccmd\renderdoccmd.vcxproj.metaproj”(Rebuild 个目标)的操作。
    18>ClCompile:
         BufferFormatter.cpp
         Analytics.cpp
         Helpers.cpp
         PersistentConfig.cpp
         QRDInterface.cpp
         RemoteHost.cpp
         ShaderProcessingTool.cpp
         qprocessinfo.cpp
         PythonContext.cpp
         QRDUtils.cpp
         MiniQtHelper.cpp
         Resources.cpp
         RGPInterop.cpp
         ScintillaSyntax.cpp
         Building without PySide2 - Qt will not be accessible in python scripting. See https://github.com/baldurk/renderdoc/wiki/PySide2
         moc_RDStyle.cpp
         moc_RDTweakedNativeStyle.cpp
         moc_AboutDialog.cpp
         moc_CrashDialog.cpp
         moc_AnalyticsConfirmDialog.cpp
         moc_AnalyticsPromptDialog.cpp
         moc_APIInspector.cpp
         moc_AxisMappingDialog.cpp
         moc_CameraControlsDialog.cpp
         moc_ProjectionGuessDialog.cpp
         moc_ResourceInspector.cpp
         moc_BufferFormatSpecifier.cpp
         moc_ComputeDebugSelector.cpp
         moc_FindReplace.cpp
         moc_BufferViewer.cpp
         moc_CaptureDialog.cpp
         moc_CustomPaintWidget.cpp
         moc_D3D11PipelineStateViewer.cpp
         moc_D3D12PipelineStateViewer.cpp
         moc_DebugMessageView.cpp
         moc_LogView.cpp
         moc_CommentView.cpp
         moc_DescriptorViewer.cpp
         moc_EventBrowser.cpp
         moc_ExportWindow.cpp
         moc_ExportRunner.cpp
         moc_GLPipelineStateViewer.cpp
         moc_LiveCapture.cpp
         moc_EnvironmentEditor.cpp
         moc_OrderedListEditor.cpp
         moc_MarkerBreadcrumbs.cpp
         moc_RemoteManager.cpp
         moc_ExtensionManager.cpp
         moc_PerformanceCounterSelection.cpp
         moc_PerformanceCounterViewer.cpp
         moc_PipelineStateViewer.cpp
         moc_PythonContext.cpp
         moc_QRDUtils.cpp
         moc_PipelineFlowChart.cpp
         moc_RangeHistogram.cpp
         moc_AnnotationDisplay.cpp
         moc_CollapseGroupBox.cpp
         moc_RDDoubleSpinBox.cpp
         moc_RDSplitter.cpp
         moc_RDLabel.cpp
         moc_RDMenu.cpp
         moc_RDHeaderView.cpp
         moc_RDToolButton.cpp
         moc_RDLineEdit.cpp
         moc_RDTextEdit.cpp
         moc_MainWindow.cpp
         moc_RDListView.cpp
         moc_RDListWidget.cpp
         moc_RDTableView.cpp
         moc_RDTableWidget.cpp
         moc_RDTreeView.cpp
         moc_RDToolTip.cpp
         moc_RDTreeWidget.cpp
         moc_ResourcePreview.cpp
         moc_SettingsDialog.cpp
         moc_ShaderViewer.cpp
         moc_ShaderMessageViewer.cpp
         moc_PythonShell.cpp
         moc_PixelHistoryView.cpp
         moc_StatisticsViewer.cpp
         moc_TimelineBar.cpp
         moc_SuggestRemoteDialog.cpp
         moc_TextureGoto.cpp
         moc_TextureSaveDialog.cpp
         moc_TextureViewer.cpp
         moc_TipsDialog.cpp
         moc_ConfigEditor.cpp
         moc_ThumbnailStrip.cpp
         moc_ReplayOptionsSelector.cpp
         moc_ToolWindowManager.cpp
         moc_ToolWindowManagerArea.cpp
         moc_ToolWindowManagerSplitter.cpp
         moc_ToolWindowManagerTabBar.cpp
         moc_ToolWindowManagerWrapper.cpp
         moc_VirtualFileDialog.cpp
         moc_VulkanPipelineStateViewer.cpp
         qrc_resources.cpp
         qrc_qtconf.cpp
         BufferFormatSpecifier.cpp
         CollapseGroupBox.cpp
         ComputeDebugSelector.cpp
         FindReplace.cpp
         RDListWidget.cpp
         RDTableView.cpp
         RDTableWidget.cpp
         RDTreeView.cpp
         RDToolTip.cpp
         RDTreeWidget.cpp
         PipelineFlowChart.cpp
         RangeHistogram.cpp
         AnnotationDisplay.cpp
         RDDoubleSpinBox.cpp
         RDSplitter.cpp
         RDLabel.cpp
         RDMenu.cpp
         RDHeaderView.cpp
         RDToolButton.cpp
         RDListView.cpp
         ResourcePreview.cpp
         TextureGoto.cpp
         ThumbnailStrip.cpp
         ReplayOptionsSelector.cpp
         OrderedListEditor.cpp
         MarkerBreadcrumbs.cpp
         CaptureContext.cpp
         driver_loader.cpp
         kernel_injector.cpp
         kernel_mem.cpp
         kernel_scan.cpp
         manual_map.cpp
         trace_cleanup.cpp
         RDStyle.cpp
         StyleData.cpp
         RDTweakedNativeStyle.cpp
         CustomPaintWidget.cpp
         APIInspector.cpp
         ResourceInspector.cpp
         BufferViewer.cpp
         DebugMessageView.cpp
         LogView.cpp
         CommentView.cpp
         DescriptorViewer.cpp
         AboutDialog.cpp
         CrashDialog.cpp
         AnalyticsConfirmDialog.cpp
         AnalyticsPromptDialog.cpp
         AxisMappingDialog.cpp
         CameraControlsDialog.cpp
         ProjectionGuessDialog.cpp
         CaptureDialog.cpp
         LiveCapture.cpp
         EnvironmentEditor.cpp
         PerformanceCounterSelection.cpp
         RemoteManager.cpp
         ExtensionManager.cpp
         SettingsDialog.cpp
         SuggestRemoteDialog.cpp
         TextureSaveDialog.cpp
         TipsDialog.cpp
         ConfigEditor.cpp
    17>Link:
         D:\Program Files\Microsoft VisualStudio\VisualStudio 2026\VC\Tools\MSVC\14.50.35717\bin\HostX86\x64\link.exe /ERRORREPORT:QUEUE /OUT:"D:\Projects\renderdoc\x64\Development\pymodules\renderdoc.pyd" /INCREMENTAL:NO /NOLOGO D:\Projects\renderdoc\\qrenderdoc\3rdparty\python\x64\python36.lib kernel32.lib user32.lib gdi32.lib winspool.lib comdlg32.lib advapi32.lib shell32.lib ole32.lib oleaut32.lib uuid.lib odbc32.lib odbccp32.lib /MANIFEST /MANIFESTUAC:"level='asInvoker' uiAccess='false'" /manifest:embed /DEBUG /PDB:"D:\Projects\renderdoc\x64\Development\pymodules\renderdoc.pdb" /SUBSYSTEM:WINDOWS /OPT:REF /OPT:ICF /LTCG:incremental /LTCGOUT:"D:\Projects\renderdoc\x64\Development\obj\pyrenderdoc_module\renderdoc.iobj" /TLBID:1 /DYNAMICBASE /NXCOMPAT /IMPLIB:"D:\Projects\renderdoc\x64\Development\pymodules\renderdoc.lib" /MACHINE:X64 /PDBALTPATH:%_PDB% /DLL D:\Projects\renderdoc\x64\Development\obj\pyrenderdoc_module\pyrenderdoc_stub.obj
         D:\Projects\renderdoc\x64\Development\obj\pyrenderdoc_module\renderdoc_module_python.obj
         D:\Projects\renderdoc\x64\Development\renderdic.lib
    18>ClCompile:
         VirtualFileDialog.cpp
         EventBrowser.cpp
         ExportWindow.cpp
         ExportRunner.cpp
         GltfWriter.cpp
         MeshExtractor.cpp
         ObjWriter.cpp
         TextureExporter.cpp
         RDLineEdit.cpp
         RDTextEdit.cpp
         MainWindow.cpp
         ReplayManager.cpp
         D3D11PipelineStateViewer.cpp
         D3D12PipelineStateViewer.cpp
         GLPipelineStateViewer.cpp
         PipelineStateViewer.cpp
         VulkanPipelineStateViewer.cpp
         ShaderViewer.cpp
    17>Link:
           正在创建库 D:\Projects\renderdoc\x64\Development\pymodules\renderdoc.lib 和对象 D:\Projects\renderdoc\x64\Development\pymodules\renderdoc.exp
         正在生成代码
         Not all modules are compiled with -Gy (function comdat), build without incremental LTCG.
    18>ClCompile:
         ShaderMessageViewer.cpp
         PythonShell.cpp
         PixelHistoryView.cpp
         PerformanceCounterViewer.cpp
         StatisticsViewer.cpp
         TimelineBar.cpp
         TextureViewer.cpp
         qrenderdoc.cpp
    17>Link:
         已完成代码的生成
         pyrenderdoc_module.vcxproj -> D:\Projects\renderdoc\x64\Development\pymodules\renderdoc.pyd
       _CopyOutOfDateSourceItemsToOutputDirectory:
         正在将文件从“D:\Windows Kits\10\Redist\D3D\x64\d3dcompiler_47.dll”复制到“D:\Projects\renderdoc\x64\Development\pymodules\d3dcompiler_47.dll”。
       FinalizeBuildStatus:
         正在删除文件“D:\Projects\renderdoc\x64\Development\obj\pyrenderdoc_module\pyrender.A8998B2D.tlog\unsuccessfulbuild”。
         正在对“D:\Projects\renderdoc\x64\Development\obj\pyrenderdoc_module\pyrender.A8998B2D.tlog\pyrenderdoc_module.lastbuildstate”执行 Touch 任务。
       PythonNotOverridden:
         Built against default bundled python
    17>已完成生成项目“D:\Projects\renderdoc\qrenderdoc\Code\pyrenderdoc\pyrenderdoc_module.vcxproj”(Rebuild 个目标)的操作。
    18>ClCompile:
         D:\Program Files\Microsoft VisualStudio\VisualStudio 2026\VC\Tools\MSVC\14.50.35717\bin\HostX86\x64\CL.exe /c /ID:\Projects\renderdoc\qrenderdoc\ /I3rdparty /ID:\Projects\renderdoc\x64\Development\obj\qrenderdic\generated\ /ID:\Projects\renderdoc\\renderdoc\api\replay /ID:\Projects\renderdoc\\qrenderdoc\3rdparty\python\include /ID:\Projects\renderdoc\\qrenderdoc\3rdparty\pyside\include\PySide2 /ID:\Projects\renderdoc\\qrenderdoc\3rdparty\pyside\include\shiboken2 /ID:\Projects\renderdoc\qrenderdoc\3rdparty\qt\include /ID:\Projects\renderdoc\qrenderdoc\3rdparty\qt\include\QtWidgets /ID:\Projects\renderdoc\qrenderdoc\3rdparty\qt\include\QtGui /ID:\Projects\renderdoc\qrenderdoc\3rdparty\qt\include\QtCore /ID:\Projects\renderdoc\qrenderdoc\3rdparty\qt\include\QtSvg /ID:\Projects\renderdoc\qrenderdoc\3rdparty\qt\include\QtNetwork /Zi /nologo /W4 /WX /diagnostics:column /MP /Od /D PYSIDE2_ENABLED=0 /D _WINDOWS /D UNICODE /D WIN32 /D WIN64 /D RENDERDOC_PLATFORM_WIN32 /D SCINTILLA_QT=1 /D MAKING_LIBRARY=1 /D SCI_LEXER=1 /D QT_NO_CAST_FROM_ASCII /D QT_NO_CAST_TO_ASCII /D QT_WIDGETS_LIB /D QT_GUI_LIB /D QT_CORE_LIB /D QT_SVG_LIB /D WIN64 /Gm- /EHsc /MD /GS- /fp:precise /Zc:wchar_t /Zc:forScope /Zc:inline /GR /Yu"precompiled.h" /Fp"D:\Projects\renderdoc\x64\Development\obj\qrenderdic\qrenderdic.pch" /Fo"D:\Projects\renderdoc\x64\Development\obj\qrenderdic\\" /Fd"D:\Projects\renderdoc\x64\Development\obj\qrenderdic\vc145.pdb" /external:W4 /Gd /TP /wd4100 /wd4127 /wd4189 /wd4714 /wd4718 /wd4996 /FIprecompiled.h /FC /errorReport:queue /bigobj /w44062 /w44840 /Zc:strictStrings /Zc:throwingNew /experimental:deterministic /pathmap:"D:\Projects\renderdoc\renderdoc"=R:\RenderDicSrc\core /pathmap:"D:\Projects\renderdoc\qrenderdoc"=R:\RenderDicSrc\ui /pathmap:"D:\Projects\renderdoc\renderdoccmd"=R:\RenderDicSrc\cmd /pathmap:"D:\Projects\renderdoc\renderdocshim"=R:\RenderDicSrc\shim /pathmap:"D:\Projects\renderdoc"=R:\RenderDicSrc Code\pyrenderdoc\PythonInvokers.cpp
         PythonInvokers.cpp
         D:\Program Files\Microsoft VisualStudio\VisualStudio 2026\VC\Tools\MSVC\14.50.35717\bin\HostX86\x64\CL.exe /c /I3rdparty\scintilla\include /I3rdparty\scintilla\include\qt /I3rdparty\scintilla\src /I3rdparty\scintilla\lexlib /ID:\Projects\renderdoc\qrenderdoc\ /I3rdparty /ID:\Projects\renderdoc\x64\Development\obj\qrenderdic\generated\ /ID:\Projects\renderdoc\\renderdoc\api\replay /ID:\Projects\renderdoc\\qrenderdoc\3rdparty\python\include /ID:\Projects\renderdoc\\qrenderdoc\3rdparty\pyside\include\PySide2 /ID:\Projects\renderdoc\\qrenderdoc\3rdparty\pyside\include\shiboken2 /ID:\Projects\renderdoc\qrenderdoc\3rdparty\qt\include /ID:\Projects\renderdoc\qrenderdoc\3rdparty\qt\include\QtWidgets /ID:\Projects\renderdoc\qrenderdoc\3rdparty\qt\include\QtGui /ID:\Projects\renderdoc\qrenderdoc\3rdparty\qt\include\QtCore /ID:\Projects\renderdoc\qrenderdoc\3rdparty\qt\include\QtSvg /ID:\Projects\renderdoc\qrenderdoc\3rdparty\qt\include\QtNetwork /Zi /nologo /W4 /WX /diagnostics:column /MP /Od /D PYSIDE2_ENABLED=0 /D _WINDOWS /D UNICODE /D WIN32 /D WIN64 /D RENDERDOC_PLATFORM_WIN32 /D SCINTILLA_QT=1 /D MAKING_LIBRARY=1 /D SCI_LEXER=1 /D QT_NO_CAST_FROM_ASCII /D QT_NO_CAST_TO_ASCII /D QT_WIDGETS_LIB /D QT_GUI_LIB /D QT_CORE_LIB /D QT_SVG_LIB /D WIN64 /Gm- /EHsc /MD /GS- /fp:precise /Zc:wchar_t /Zc:forScope /Zc:inline /GR /Yu"precompiled.h" /Fp"D:\Projects\renderdoc\x64\Development\obj\qrenderdic\qrenderdic.pch" /Fo"D:\Projects\renderdoc\x64\Development\obj\qrenderdic\\" /Fd"D:\Projects\renderdoc\x64\Development\obj\qrenderdic\vc145.pdb" /external:W4 /Gd /TP /wd4100 /wd4127 /wd4189 /wd4714 /wd4718 /wd4996 /FIprecompiled.h /FC /errorReport:queue /w44062 /w44840 /Zc:strictStrings /Zc:throwingNew /experimental:deterministic /pathmap:"D:\Projects\renderdoc\renderdoc"=R:\RenderDicSrc\core /pathmap:"D:\Projects\renderdoc\qrenderdoc"=R:\RenderDicSrc\ui /pathmap:"D:\Projects\renderdoc\renderdoccmd"=R:\RenderDicSrc\cmd /pathmap:"D:\Projects\renderdoc\renderdocshim"=R:\RenderDicSrc\shim /pathmap:"D:\Projects\renderdoc"=R:\RenderDicSrc D:\Projects\renderdoc\x64\Development\obj\qrenderdic\generated\moc_ScintillaDocument.cpp D:\Projects\renderdoc\x64\Development\obj\qrenderdic\generated\moc_ScintillaEdit.cpp D:\Projects\renderdoc\x64\Development\obj\qrenderdic\generated\moc_ScintillaEditBase.cpp D:\Projects\renderdoc\x64\Development\obj\qrenderdic\generated\moc_ScintillaQt.cpp
         moc_ScintillaDocument.cpp
         moc_ScintillaEdit.cpp
         moc_ScintillaEditBase.cpp
         moc_ScintillaQt.cpp
         D:\Program Files\Microsoft VisualStudio\VisualStudio 2026\VC\Tools\MSVC\14.50.35717\bin\HostX86\x64\CL.exe /c /ID:\Projects\renderdoc\qrenderdoc\ /I3rdparty /ID:\Projects\renderdoc\x64\Development\obj\qrenderdic\generated\ /ID:\Projects\renderdoc\\renderdoc\api\replay /ID:\Projects\renderdoc\\qrenderdoc\3rdparty\python\include /ID:\Projects\renderdoc\\qrenderdoc\3rdparty\pyside\include\PySide2 /ID:\Projects\renderdoc\\qrenderdoc\3rdparty\pyside\include\shiboken2 /ID:\Projects\renderdoc\qrenderdoc\3rdparty\qt\include /ID:\Projects\renderdoc\qrenderdoc\3rdparty\qt\include\QtWidgets /ID:\Projects\renderdoc\qrenderdoc\3rdparty\qt\include\QtGui /ID:\Projects\renderdoc\qrenderdoc\3rdparty\qt\include\QtCore /ID:\Projects\renderdoc\qrenderdoc\3rdparty\qt\include\QtSvg /ID:\Projects\renderdoc\qrenderdoc\3rdparty\qt\include\QtNetwork /Zi /nologo /W4 /WX /diagnostics:column /MP /Od /D PYSIDE2_ENABLED=0 /D _WINDOWS /D UNICODE /D WIN32 /D WIN64 /D RENDERDOC_PLATFORM_WIN32 /D SCINTILLA_QT=1 /D MAKING_LIBRARY=1 /D SCI_LEXER=1 /D QT_NO_CAST_FROM_ASCII /D QT_NO_CAST_TO_ASCII /D QT_WIDGETS_LIB /D QT_GUI_LIB /D QT_CORE_LIB /D QT_SVG_LIB /D WIN64 /Gm- /EHsc /MD /GS- /fp:precise /Zc:wchar_t /Zc:forScope /Zc:inline /GR /Fo"D:\Projects\renderdoc\x64\Development\obj\qrenderdic\\" /Fd"D:\Projects\renderdoc\x64\Development\obj\qrenderdic\vc145.pdb" /external:W4 /Gd /TP /wd4101 /wd4244 /wd4456 /wd4459 /wd4706 /wd4100 /wd4127 /wd4189 /wd4714 /wd4718 /wd4996 /FC /errorReport:queue /bigobj /w44062 /w44840 /Zc:strictStrings /Zc:throwingNew /experimental:deterministic /pathmap:"D:\Projects\renderdoc\renderdoc"=R:\RenderDicSrc\core /pathmap:"D:\Projects\renderdoc\qrenderdoc"=R:\RenderDicSrc\ui /pathmap:"D:\Projects\renderdoc\renderdoccmd"=R:\RenderDicSrc\cmd /pathmap:"D:\Projects\renderdoc\renderdocshim"=R:\RenderDicSrc\shim /pathmap:"D:\Projects\renderdoc"=R:\RenderDicSrc D:\Projects\renderdoc\x64\Development\obj\qrenderdic\generated\renderdoc_python.cxx D:\Projects\renderdoc\x64\Development\obj\qrenderdic\generated\qrenderdoc_python.cxx
    13>Link:
         D:\Program Files\Microsoft VisualStudio\VisualStudio 2026\VC\Tools\MSVC\14.50.35717\bin\HostX86\x64\link.exe /ERRORREPORT:QUEUE /OUT:"D:\Projects\renderdoc\x64\Development\pymodules\qrenderdoc.pyd" /INCREMENTAL:NO /NOLOGO D:\Projects\renderdoc\\qrenderdoc\3rdparty\python\x64\python36.lib kernel32.lib user32.lib gdi32.lib winspool.lib comdlg32.lib advapi32.lib shell32.lib ole32.lib oleaut32.lib uuid.lib odbc32.lib odbccp32.lib /MANIFEST /MANIFESTUAC:"level='asInvoker' uiAccess='false'" /manifest:embed /DEBUG /PDB:"D:\Projects\renderdoc\x64\Development\pymodules\qrenderdoc.pdb" /SUBSYSTEM:WINDOWS /OPT:REF /OPT:ICF /LTCGOUT:"D:\Projects\renderdoc\x64\Development\obj\qrenderdoc_module\qrenderdoc.iobj" /TLBID:1 /DYNAMICBASE /NXCOMPAT /IMPLIB:"D:\Projects\renderdoc\x64\Development\pymodules\qrenderdoc.lib" /MACHINE:X64 /PDBALTPATH:%_PDB% /DLL D:\Projects\renderdoc\x64\Development\obj\qrenderdoc_module\pyrenderdoc_stub.obj
         D:\Projects\renderdoc\x64\Development\obj\qrenderdoc_module\qrenderdoc_stub.obj
         D:\Projects\renderdoc\x64\Development\obj\qrenderdoc_module\qrenderdoc_module_python.obj
         D:\Projects\renderdoc\x64\Development\obj\qrenderdoc_module\renderdoc_module_python.obj
         D:\Projects\renderdoc\x64\Development\renderdic.lib
    18>ClCompile:
         renderdoc_python.cxx
         qrenderdoc_python.cxx
    13>Link:
           正在创建库 D:\Projects\renderdoc\x64\Development\pymodules\qrenderdoc.lib 和对象 D:\Projects\renderdoc\x64\Development\pymodules\qrenderdoc.exp
         qrenderdoc_module.vcxproj -> D:\Projects\renderdoc\x64\Development\pymodules\qrenderdoc.pyd
       _CopyOutOfDateSourceItemsToOutputDirectory:
       正在跳过目标“_CopyOutOfDateSourceItemsToOutputDirectory”，因为所有输出文件相对于输入文件而言都是最新的。
       FinalizeBuildStatus:
         正在删除文件“D:\Projects\renderdoc\x64\Development\obj\qrenderdoc_module\qrenderd.61157930.tlog\unsuccessfulbuild”。
         正在对“D:\Projects\renderdoc\x64\Development\obj\qrenderdoc_module\qrenderd.61157930.tlog\qrenderdoc_module.lastbuildstate”执行 Touch 任务。
       PythonNotOverridden:
         Built against default bundled python
    13>已完成生成项目“D:\Projects\renderdoc\qrenderdoc\Code\pyrenderdoc\qrenderdoc_module.vcxproj”(Rebuild 个目标)的操作。
    18>ClCompile:
         D:\Program Files\Microsoft VisualStudio\VisualStudio 2026\VC\Tools\MSVC\14.50.35717\bin\HostX86\x64\CL.exe /c /ID:\Projects\renderdoc\qrenderdoc\ /I3rdparty /ID:\Projects\renderdoc\x64\Development\obj\qrenderdic\generated\ /ID:\Projects\renderdoc\\renderdoc\api\replay /ID:\Projects\renderdoc\\qrenderdoc\3rdparty\python\include /ID:\Projects\renderdoc\\qrenderdoc\3rdparty\pyside\include\PySide2 /ID:\Projects\renderdoc\\qrenderdoc\3rdparty\pyside\include\shiboken2 /ID:\Projects\renderdoc\qrenderdoc\3rdparty\qt\include /ID:\Projects\renderdoc\qrenderdoc\3rdparty\qt\include\QtWidgets /ID:\Projects\renderdoc\qrenderdoc\3rdparty\qt\include\QtGui /ID:\Projects\renderdoc\qrenderdoc\3rdparty\qt\include\QtCore /ID:\Projects\renderdoc\qrenderdoc\3rdparty\qt\include\QtSvg /ID:\Projects\renderdoc\qrenderdoc\3rdparty\qt\include\QtNetwork /Zi /nologo /W4 /WX /diagnostics:column /MP /Od /D PYSIDE2_ENABLED=0 /D _WINDOWS /D UNICODE /D WIN32 /D WIN64 /D RENDERDOC_PLATFORM_WIN32 /D SCINTILLA_QT=1 /D MAKING_LIBRARY=1 /D SCI_LEXER=1 /D QT_NO_CAST_FROM_ASCII /D QT_NO_CAST_TO_ASCII /D QT_WIDGETS_LIB /D QT_GUI_LIB /D QT_CORE_LIB /D QT_SVG_LIB /D WIN64 /Gm- /EHsc /MD /GS- /fp:precise /Zc:wchar_t /Zc:forScope /Zc:inline /GR /Fo"D:\Projects\renderdoc\x64\Development\obj\qrenderdic\\" /Fd"D:\Projects\renderdoc\x64\Development\obj\qrenderdic\vc145.pdb" /external:W4 /Gd /TP /wd4100 /wd4127 /wd4189 /wd4714 /wd4718 /wd4996 /FC /errorReport:queue /w44062 /w44840 /Zc:strictStrings /Zc:throwingNew /experimental:deterministic /pathmap:"D:\Projects\renderdoc\renderdoc"=R:\RenderDicSrc\core /pathmap:"D:\Projects\renderdoc\qrenderdoc"=R:\RenderDicSrc\ui /pathmap:"D:\Projects\renderdoc\renderdoccmd"=R:\RenderDicSrc\cmd /pathmap:"D:\Projects\renderdoc\renderdocshim"=R:\RenderDicSrc\shim /pathmap:"D:\Projects\renderdoc"=R:\RenderDicSrc 3rdparty\flowlayout\FlowLayout.cpp 3rdparty\toolwindowmanager\ToolWindowManager.cpp 3rdparty\toolwindowmanager\ToolWindowManagerArea.cpp 3rdparty\toolwindowmanager\ToolWindowManagerSplitter.cpp 3rdparty\toolwindowmanager\ToolWindowManagerTabBar.cpp 3rdparty\toolwindowmanager\ToolWindowManagerWrapper.cpp
         FlowLayout.cpp
         ToolWindowManager.cpp
         ToolWindowManagerArea.cpp
         ToolWindowManagerSplitter.cpp
         ToolWindowManagerTabBar.cpp
         ToolWindowManagerWrapper.cpp
       ResourceCompile:
         D:\Windows Kits\10\bin\10.0.28000.0\x86\rc.exe /D _WINDOWS /D UNICODE /D WIN32 /D RENDERDOC_PLATFORM_WIN32 /D QT_WIDGETS_LIB /D QT_GUI_LIB /D QT_CORE_LIB /D QT_SVG_LIB /D WIN64 /l"0x0409" /ID:\Projects\renderdoc\\renderdoc\api\replay /nologo /fo"D:\Projects\renderdoc\x64\Development\obj\qrenderdic\qrenderdoc.res" Resources\qrenderdoc.rc 
       Link:
         D:\Program Files\Microsoft VisualStudio\VisualStudio 2026\VC\Tools\MSVC\14.50.35717\bin\HostX86\x64\link.exe /ERRORREPORT:QUEUE /OUT:"D:\Projects\renderdoc\x64\Development\\qrenderdic.exe" /NOLOGO /LIBPATH:D:\Projects\renderdoc\\qrenderdoc\3rdparty\pyside\x64 /LIBPATH:D:\Projects\renderdoc\qrenderdoc\3rdparty\qt\x64\lib /NATVIS:python36.natvis /NATVIS:python38.natvis user32.lib advapi32.lib ntdll.lib D:\Projects\renderdoc\\qrenderdoc\3rdparty\python\x64\python36.lib qtmain.lib Qt5Widgets.lib Qt5Gui.lib Qt5Core.lib Qt5Svg.lib Qt5Network.lib shell32.lib /MANIFEST /MANIFESTUAC:"level='asInvoker' uiAccess='false'" /manifest:embed /DEBUG /PDB:"D:\Projects\renderdoc\x64\Development\\qrenderdic.pdb" /SUBSYSTEM:WINDOWS /TLBID:1 /DYNAMICBASE /NXCOMPAT /MACHINE:X64 /ignore:4099 /PDBALTPATH:%_PDB% D:\Projects\renderdoc\x64\Development\obj\qrenderdic\qrenderdoc.res
         D:\Projects\renderdoc\x64\Development\obj\qrenderdic\LexCPP.obj
         D:\Projects\renderdoc\x64\Development\obj\qrenderdic\LexDiff.obj
         D:\Projects\renderdoc\x64\Development\obj\qrenderdic\LexErrorList.obj
         D:\Projects\renderdoc\x64\Development\obj\qrenderdic\LexHTML.obj
         D:\Projects\renderdoc\x64\Development\obj\qrenderdic\LexJSON.obj
         D:\Projects\renderdoc\x64\Development\obj\qrenderdic\LexNull.obj
         D:\Projects\renderdoc\x64\Development\obj\qrenderdic\LexPython.obj
         D:\Projects\renderdoc\x64\Development\obj\qrenderdic\LexRust.obj
         D:\Projects\renderdoc\x64\Development\obj\qrenderdic\Accessor.obj
         D:\Projects\renderdoc\x64\Development\obj\qrenderdic\CharacterCategory.obj
         D:\Projects\renderdoc\x64\Development\obj\qrenderdic\CharacterSet.obj
         D:\Projects\renderdoc\x64\Development\obj\qrenderdic\LexerBase.obj
         D:\Projects\renderdoc\x64\Development\obj\qrenderdic\LexerModule.obj
         D:\Projects\renderdoc\x64\Development\obj\qrenderdic\LexerNoExceptions.obj
         D:\Projects\renderdoc\x64\Development\obj\qrenderdic\LexerSimple.obj
         D:\Projects\renderdoc\x64\Development\obj\qrenderdic\PropSetSimple.obj
         D:\Projects\renderdoc\x64\Development\obj\qrenderdic\StyleContext.obj
         D:\Projects\renderdoc\x64\Development\obj\qrenderdic\WordList.obj
         D:\Projects\renderdoc\x64\Development\obj\qrenderdic\PlatQt.obj
         D:\Projects\renderdoc\x64\Development\obj\qrenderdic\ScintillaEditBase.obj
         D:\Projects\renderdoc\x64\Development\obj\qrenderdic\ScintillaQt.obj
         D:\Projects\renderdoc\x64\Development\obj\qrenderdic\ScintillaDocument.obj
         D:\Projects\renderdoc\x64\Development\obj\qrenderdic\ScintillaEdit.obj
         D:\Projects\renderdoc\x64\Development\obj\qrenderdic\AutoComplete.obj
         D:\Projects\renderdoc\x64\Development\obj\qrenderdic\CallTip.obj
         D:\Projects\renderdoc\x64\Development\obj\qrenderdic\CaseConvert.obj
         D:\Projects\renderdoc\x64\Development\obj\qrenderdic\CaseFolder.obj
         D:\Projects\renderdoc\x64\Development\obj\qrenderdic\Catalogue.obj
         D:\Projects\renderdoc\x64\Development\obj\qrenderdic\CellBuffer.obj
         D:\Projects\renderdoc\x64\Development\obj\qrenderdic\CharClassify.obj
         D:\Projects\renderdoc\x64\Development\obj\qrenderdic\ContractionState.obj
         D:\Projects\renderdoc\x64\Development\obj\qrenderdic\Decoration.obj
         D:\Projects\renderdoc\x64\Development\obj\qrenderdic\Document.obj
         D:\Projects\renderdoc\x64\Development\obj\qrenderdic\EditModel.obj
         D:\Projects\renderdoc\x64\Development\obj\qrenderdic\Editor.obj
         D:\Projects\renderdoc\x64\Development\obj\qrenderdic\EditView.obj
         D:\Projects\renderdoc\x64\Development\obj\qrenderdic\ExternalLexer.obj
         D:\Projects\renderdoc\x64\Development\obj\qrenderdic\Indicator.obj
         D:\Projects\renderdoc\x64\Development\obj\qrenderdic\KeyMap.obj
         D:\Projects\renderdoc\x64\Development\obj\qrenderdic\LineMarker.obj
         D:\Projects\renderdoc\x64\Development\obj\qrenderdic\MarginView.obj
         D:\Projects\renderdoc\x64\Development\obj\qrenderdic\PerLine.obj
         D:\Projects\renderdoc\x64\Development\obj\qrenderdic\PositionCache.obj
         D:\Projects\renderdoc\x64\Development\obj\qrenderdic\RESearch.obj
         D:\Projects\renderdoc\x64\Development\obj\qrenderdic\RunStyles.obj
         D:\Projects\renderdoc\x64\Development\obj\qrenderdic\ScintillaBase.obj
         D:\Projects\renderdoc\x64\Development\obj\qrenderdic\Selection.obj
         D:\Projects\renderdoc\x64\Development\obj\qrenderdic\Style.obj
         D:\Projects\renderdoc\x64\Development\obj\qrenderdic\UniConversion.obj
         D:\Projects\renderdoc\x64\Development\obj\qrenderdic\ViewStyle.obj
         D:\Projects\renderdoc\x64\Development\obj\qrenderdic\XPM.obj
         D:\Projects\renderdoc\x64\Development\obj\qrenderdic\BufferFormatter.obj
         D:\Projects\renderdoc\x64\Development\obj\qrenderdic\Analytics.obj
         D:\Projects\renderdoc\x64\Development\obj\qrenderdic\Helpers.obj
         D:\Projects\renderdoc\x64\Development\obj\qrenderdic\PersistentConfig.obj
         D:\Projects\renderdoc\x64\Development\obj\qrenderdic\QRDInterface.obj
         D:\Projects\renderdoc\x64\Development\obj\qrenderdic\RemoteHost.obj
         D:\Projects\renderdoc\x64\Development\obj\qrenderdic\ShaderProcessingTool.obj
         D:\Projects\renderdoc\x64\Development\obj\qrenderdic\precompiled.obj
         D:\Projects\renderdoc\x64\Development\obj\qrenderdic\qprocessinfo.obj
         D:\Projects\renderdoc\x64\Development\obj\qrenderdic\PythonContext.obj
         D:\Projects\renderdoc\x64\Development\obj\qrenderdic\PythonInvokers.obj
         D:\Projects\renderdoc\x64\Development\obj\qrenderdic\QRDUtils.obj
         D:\Projects\renderdoc\x64\Development\obj\qrenderdic\MiniQtHelper.obj
         D:\Projects\renderdoc\x64\Development\obj\qrenderdic\Resources.obj
         D:\Projects\renderdoc\x64\Development\obj\qrenderdic\RGPInterop.obj
         D:\Projects\renderdoc\x64\Development\obj\qrenderdic\ScintillaSyntax.obj
         D:\Projects\renderdoc\x64\Development\obj\qrenderdic\moc_RDStyle.obj
         D:\Projects\renderdoc\x64\Development\obj\qrenderdic\moc_RDTweakedNativeStyle.obj
         D:\Projects\renderdoc\x64\Development\obj\qrenderdic\moc_AboutDialog.obj
         D:\Projects\renderdoc\x64\Development\obj\qrenderdic\moc_CrashDialog.obj
         D:\Projects\renderdoc\x64\Development\obj\qrenderdic\moc_AnalyticsConfirmDialog.obj
         D:\Projects\renderdoc\x64\Development\obj\qrenderdic\moc_AnalyticsPromptDialog.obj
         D:\Projects\renderdoc\x64\Development\obj\qrenderdic\moc_APIInspector.obj
         D:\Projects\renderdoc\x64\Development\obj\qrenderdic\moc_AxisMappingDialog.obj
         D:\Projects\renderdoc\x64\Development\obj\qrenderdic\moc_CameraControlsDialog.obj
         D:\Projects\renderdoc\x64\Development\obj\qrenderdic\moc_ProjectionGuessDialog.obj
         D:\Projects\renderdoc\x64\Development\obj\qrenderdic\moc_ResourceInspector.obj
         D:\Projects\renderdoc\x64\Development\obj\qrenderdic\moc_BufferFormatSpecifier.obj
         D:\Projects\renderdoc\x64\Development\obj\qrenderdic\moc_ComputeDebugSelector.obj
         D:\Projects\renderdoc\x64\Development\obj\qrenderdic\moc_FindReplace.obj
         D:\Projects\renderdoc\x64\Development\obj\qrenderdic\moc_BufferViewer.obj
         D:\Projects\renderdoc\x64\Development\obj\qrenderdic\moc_CaptureDialog.obj
         D:\Projects\renderdoc\x64\Development\obj\qrenderdic\moc_CustomPaintWidget.obj
         D:\Projects\renderdoc\x64\Development\obj\qrenderdic\moc_D3D11PipelineStateViewer.obj
         D:\Projects\renderdoc\x64\Development\obj\qrenderdic\moc_D3D12PipelineStateViewer.obj
         D:\Projects\renderdoc\x64\Development\obj\qrenderdic\moc_DebugMessageView.obj
         D:\Projects\renderdoc\x64\Development\obj\qrenderdic\moc_LogView.obj
         D:\Projects\renderdoc\x64\Development\obj\qrenderdic\moc_CommentView.obj
         D:\Projects\renderdoc\x64\Development\obj\qrenderdic\moc_DescriptorViewer.obj
         D:\Projects\renderdoc\x64\Development\obj\qrenderdic\moc_EventBrowser.obj
         D:\Projects\renderdoc\x64\Development\obj\qrenderdic\moc_ExportWindow.obj
         D:\Projects\renderdoc\x64\Development\obj\qrenderdic\moc_ExportRunner.obj
         D:\Projects\renderdoc\x64\Development\obj\qrenderdic\moc_GLPipelineStateViewer.obj
         D:\Projects\renderdoc\x64\Development\obj\qrenderdic\moc_LiveCapture.obj
         D:\Projects\renderdoc\x64\Development\obj\qrenderdic\moc_EnvironmentEditor.obj
         D:\Projects\renderdoc\x64\Development\obj\qrenderdic\moc_OrderedListEditor.obj
         D:\Projects\renderdoc\x64\Development\obj\qrenderdic\moc_MarkerBreadcrumbs.obj
         D:\Projects\renderdoc\x64\Development\obj\qrenderdic\moc_RemoteManager.obj
         D:\Projects\renderdoc\x64\Development\obj\qrenderdic\moc_ExtensionManager.obj
         D:\Projects\renderdoc\x64\Development\obj\qrenderdic\moc_PerformanceCounterSelection.obj
         D:\Projects\renderdoc\x64\Development\obj\qrenderdic\moc_PerformanceCounterViewer.obj
         D:\Projects\renderdoc\x64\Development\obj\qrenderdic\moc_PipelineStateViewer.obj
         D:\Projects\renderdoc\x64\Development\obj\qrenderdic\moc_PythonContext.obj
         D:\Projects\renderdoc\x64\Development\obj\qrenderdic\moc_QRDUtils.obj
         D:\Projects\renderdoc\x64\Development\obj\qrenderdic\moc_PipelineFlowChart.obj
         D:\Projects\renderdoc\x64\Development\obj\qrenderdic\moc_RangeHistogram.obj
         D:\Projects\renderdoc\x64\Development\obj\qrenderdic\moc_AnnotationDisplay.obj
         D:\Projects\renderdoc\x64\Development\obj\qrenderdic\moc_CollapseGroupBox.obj
         D:\Projects\renderdoc\x64\Development\obj\qrenderdic\moc_RDDoubleSpinBox.obj
         D:\Projects\renderdoc\x64\Development\obj\qrenderdic\moc_RDSplitter.obj
         D:\Projects\renderdoc\x64\Development\obj\qrenderdic\moc_RDLabel.obj
         D:\Projects\renderdoc\x64\Development\obj\qrenderdic\moc_RDMenu.obj
         D:\Projects\renderdoc\x64\Development\obj\qrenderdic\moc_RDHeaderView.obj
         D:\Projects\renderdoc\x64\Development\obj\qrenderdic\moc_RDToolButton.obj
         D:\Projects\renderdoc\x64\Development\obj\qrenderdic\moc_RDLineEdit.obj
         D:\Projects\renderdoc\x64\Development\obj\qrenderdic\moc_RDTextEdit.obj
         D:\Projects\renderdoc\x64\Development\obj\qrenderdic\moc_MainWindow.obj
         D:\Projects\renderdoc\x64\Development\obj\qrenderdic\moc_RDListView.obj
         D:\Projects\renderdoc\x64\Development\obj\qrenderdic\moc_RDListWidget.obj
         D:\Projects\renderdoc\x64\Development\obj\qrenderdic\moc_RDTableView.obj
         D:\Projects\renderdoc\x64\Development\obj\qrenderdic\moc_RDTableWidget.obj
         D:\Projects\renderdoc\x64\Development\obj\qrenderdic\moc_RDTreeView.obj
         D:\Projects\renderdoc\x64\Development\obj\qrenderdic\moc_RDToolTip.obj
         D:\Projects\renderdoc\x64\Development\obj\qrenderdic\moc_RDTreeWidget.obj
         D:\Projects\renderdoc\x64\Development\obj\qrenderdic\moc_ResourcePreview.obj
         D:\Projects\renderdoc\x64\Development\obj\qrenderdic\moc_ScintillaDocument.obj
         D:\Projects\renderdoc\x64\Development\obj\qrenderdic\moc_ScintillaEdit.obj
         D:\Projects\renderdoc\x64\Development\obj\qrenderdic\moc_ScintillaEditBase.obj
         D:\Projects\renderdoc\x64\Development\obj\qrenderdic\moc_ScintillaQt.obj
         D:\Projects\renderdoc\x64\Development\obj\qrenderdic\moc_SettingsDialog.obj
         D:\Projects\renderdoc\x64\Development\obj\qrenderdic\moc_ShaderViewer.obj
         D:\Projects\renderdoc\x64\Development\obj\qrenderdic\moc_ShaderMessageViewer.obj
         D:\Projects\renderdoc\x64\Development\obj\qrenderdic\moc_PythonShell.obj
         D:\Projects\renderdoc\x64\Development\obj\qrenderdic\moc_PixelHistoryView.obj
         D:\Projects\renderdoc\x64\Development\obj\qrenderdic\moc_StatisticsViewer.obj
         D:\Projects\renderdoc\x64\Development\obj\qrenderdic\moc_TimelineBar.obj
         D:\Projects\renderdoc\x64\Development\obj\qrenderdic\moc_SuggestRemoteDialog.obj
         D:\Projects\renderdoc\x64\Development\obj\qrenderdic\moc_TextureGoto.obj
         D:\Projects\renderdoc\x64\Development\obj\qrenderdic\moc_TextureSaveDialog.obj
         D:\Projects\renderdoc\x64\Development\obj\qrenderdic\moc_TextureViewer.obj
         D:\Projects\renderdoc\x64\Development\obj\qrenderdic\moc_TipsDialog.obj
         D:\Projects\renderdoc\x64\Development\obj\qrenderdic\moc_ConfigEditor.obj
         D:\Projects\renderdoc\x64\Development\obj\qrenderdic\moc_ThumbnailStrip.obj
         D:\Projects\renderdoc\x64\Development\obj\qrenderdic\moc_ReplayOptionsSelector.obj
         D:\Projects\renderdoc\x64\Development\obj\qrenderdic\moc_ToolWindowManager.obj
         D:\Projects\renderdoc\x64\Development\obj\qrenderdic\moc_ToolWindowManagerArea.obj
         D:\Projects\renderdoc\x64\Development\obj\qrenderdic\moc_ToolWindowManagerSplitter.obj
         D:\Projects\renderdoc\x64\Development\obj\qrenderdic\moc_ToolWindowManagerTabBar.obj
         D:\Projects\renderdoc\x64\Development\obj\qrenderdic\moc_ToolWindowManagerWrapper.obj
         D:\Projects\renderdoc\x64\Development\obj\qrenderdic\moc_VirtualFileDialog.obj
         D:\Projects\renderdoc\x64\Development\obj\qrenderdic\moc_VulkanPipelineStateViewer.obj
         D:\Projects\renderdoc\x64\Development\obj\qrenderdic\qrc_resources.obj
         D:\Projects\renderdoc\x64\Development\obj\qrenderdic\qrc_qtconf.obj
         D:\Projects\renderdoc\x64\Development\obj\qrenderdic\renderdoc_python.obj
         D:\Projects\renderdoc\x64\Development\obj\qrenderdic\qrenderdoc_python.obj
         D:\Projects\renderdoc\x64\Development\obj\qrenderdic\BufferFormatSpecifier.obj
         D:\Projects\renderdoc\x64\Development\obj\qrenderdic\CollapseGroupBox.obj
         D:\Projects\renderdoc\x64\Development\obj\qrenderdic\ComputeDebugSelector.obj
         D:\Projects\renderdoc\x64\Development\obj\qrenderdic\FindReplace.obj
         D:\Projects\renderdoc\x64\Development\obj\qrenderdic\RDListWidget.obj
         D:\Projects\renderdoc\x64\Development\obj\qrenderdic\RDTableView.obj
         D:\Projects\renderdoc\x64\Development\obj\qrenderdic\RDTableWidget.obj
         D:\Projects\renderdoc\x64\Development\obj\qrenderdic\RDTreeView.obj
         D:\Projects\renderdoc\x64\Development\obj\qrenderdic\RDToolTip.obj
         D:\Projects\renderdoc\x64\Development\obj\qrenderdic\RDTreeWidget.obj
         D:\Projects\renderdoc\x64\Development\obj\qrenderdic\PipelineFlowChart.obj
         D:\Projects\renderdoc\x64\Development\obj\qrenderdic\RangeHistogram.obj
         D:\Projects\renderdoc\x64\Development\obj\qrenderdic\AnnotationDisplay.obj
         D:\Projects\renderdoc\x64\Development\obj\qrenderdic\RDDoubleSpinBox.obj
         D:\Projects\renderdoc\x64\Development\obj\qrenderdic\RDSplitter.obj
         D:\Projects\renderdoc\x64\Development\obj\qrenderdic\RDLabel.obj
         D:\Projects\renderdoc\x64\Development\obj\qrenderdic\RDMenu.obj
         D:\Projects\renderdoc\x64\Development\obj\qrenderdic\RDHeaderView.obj
         D:\Projects\renderdoc\x64\Development\obj\qrenderdic\RDToolButton.obj
         D:\Projects\renderdoc\x64\Development\obj\qrenderdic\RDListView.obj
         D:\Projects\renderdoc\x64\Development\obj\qrenderdic\ResourcePreview.obj
         D:\Projects\renderdoc\x64\Development\obj\qrenderdic\TextureGoto.obj
         D:\Projects\renderdoc\x64\Development\obj\qrenderdic\ThumbnailStrip.obj
         D:\Projects\renderdoc\x64\Development\obj\qrenderdic\ReplayOptionsSelector.obj
         D:\Projects\renderdoc\x64\Development\obj\qrenderdic\OrderedListEditor.obj
         D:\Projects\renderdoc\x64\Development\obj\qrenderdic\MarkerBreadcrumbs.obj
         D:\Projects\renderdoc\x64\Development\obj\qrenderdic\CaptureContext.obj
         D:\Projects\renderdoc\x64\Development\obj\qrenderdic\driver_loader.obj
         D:\Projects\renderdoc\x64\Development\obj\qrenderdic\kernel_injector.obj
         D:\Projects\renderdoc\x64\Development\obj\qrenderdic\kernel_mem.obj
         D:\Projects\renderdoc\x64\Development\obj\qrenderdic\kernel_scan.obj
         D:\Projects\renderdoc\x64\Development\obj\qrenderdic\manual_map.obj
         D:\Projects\renderdoc\x64\Development\obj\qrenderdic\trace_cleanup.obj
         D:\Projects\renderdoc\x64\Development\obj\qrenderdic\RDStyle.obj
         D:\Projects\renderdoc\x64\Development\obj\qrenderdic\StyleData.obj
         D:\Projects\renderdoc\x64\Development\obj\qrenderdic\RDTweakedNativeStyle.obj
         D:\Projects\renderdoc\x64\Development\obj\qrenderdic\CustomPaintWidget.obj
         D:\Projects\renderdoc\x64\Development\obj\qrenderdic\APIInspector.obj
         D:\Projects\renderdoc\x64\Development\obj\qrenderdic\ResourceInspector.obj
         D:\Projects\renderdoc\x64\Development\obj\qrenderdic\BufferViewer.obj
         D:\Projects\renderdoc\x64\Development\obj\qrenderdic\DebugMessageView.obj
         D:\Projects\renderdoc\x64\Development\obj\qrenderdic\LogView.obj
         D:\Projects\renderdoc\x64\Development\obj\qrenderdic\CommentView.obj
         D:\Projects\renderdoc\x64\Development\obj\qrenderdic\DescriptorViewer.obj
         D:\Projects\renderdoc\x64\Development\obj\qrenderdic\AboutDialog.obj
         D:\Projects\renderdoc\x64\Development\obj\qrenderdic\CrashDialog.obj
         D:\Projects\renderdoc\x64\Development\obj\qrenderdic\AnalyticsConfirmDialog.obj
         D:\Projects\renderdoc\x64\Development\obj\qrenderdic\AnalyticsPromptDialog.obj
         D:\Projects\renderdoc\x64\Development\obj\qrenderdic\AxisMappingDialog.obj
         D:\Projects\renderdoc\x64\Development\obj\qrenderdic\CameraControlsDialog.obj
         D:\Projects\renderdoc\x64\Development\obj\qrenderdic\ProjectionGuessDialog.obj
         D:\Projects\renderdoc\x64\Development\obj\qrenderdic\CaptureDialog.obj
         D:\Projects\renderdoc\x64\Development\obj\qrenderdic\LiveCapture.obj
         D:\Projects\renderdoc\x64\Development\obj\qrenderdic\EnvironmentEditor.obj
         D:\Projects\renderdoc\x64\Development\obj\qrenderdic\PerformanceCounterSelection.obj
         D:\Projects\renderdoc\x64\Development\obj\qrenderdic\RemoteManager.obj
         D:\Projects\renderdoc\x64\Development\obj\qrenderdic\ExtensionManager.obj
         D:\Projects\renderdoc\x64\Development\obj\qrenderdic\SettingsDialog.obj
         D:\Projects\renderdoc\x64\Development\obj\qrenderdic\SuggestRemoteDialog.obj
         D:\Projects\renderdoc\x64\Development\obj\qrenderdic\TextureSaveDialog.obj
         D:\Projects\renderdoc\x64\Development\obj\qrenderdic\TipsDialog.obj
         D:\Projects\renderdoc\x64\Development\obj\qrenderdic\ConfigEditor.obj
         D:\Projects\renderdoc\x64\Development\obj\qrenderdic\VirtualFileDialog.obj
         D:\Projects\renderdoc\x64\Development\obj\qrenderdic\EventBrowser.obj
         D:\Projects\renderdoc\x64\Development\obj\qrenderdic\ExportWindow.obj
         D:\Projects\renderdoc\x64\Development\obj\qrenderdic\ExportRunner.obj
         D:\Projects\renderdoc\x64\Development\obj\qrenderdic\GltfWriter.obj
         D:\Projects\renderdoc\x64\Development\obj\qrenderdic\MeshExtractor.obj
         D:\Projects\renderdoc\x64\Development\obj\qrenderdic\ObjWriter.obj
         D:\Projects\renderdoc\x64\Development\obj\qrenderdic\TextureExporter.obj
         D:\Projects\renderdoc\x64\Development\obj\qrenderdic\FlowLayout.obj
         D:\Projects\renderdoc\x64\Development\obj\qrenderdic\RDLineEdit.obj
         D:\Projects\renderdoc\x64\Development\obj\qrenderdic\RDTextEdit.obj
         D:\Projects\renderdoc\x64\Development\obj\qrenderdic\MainWindow.obj
         D:\Projects\renderdoc\x64\Development\obj\qrenderdic\ReplayManager.obj
         D:\Projects\renderdoc\x64\Development\obj\qrenderdic\D3D11PipelineStateViewer.obj
         D:\Projects\renderdoc\x64\Development\obj\qrenderdic\D3D12PipelineStateViewer.obj
         D:\Projects\renderdoc\x64\Development\obj\qrenderdic\GLPipelineStateViewer.obj
         D:\Projects\renderdoc\x64\Development\obj\qrenderdic\PipelineStateViewer.obj
         D:\Projects\renderdoc\x64\Development\obj\qrenderdic\VulkanPipelineStateViewer.obj
         D:\Projects\renderdoc\x64\Development\obj\qrenderdic\ShaderViewer.obj
         D:\Projects\renderdoc\x64\Development\obj\qrenderdic\ShaderMessageViewer.obj
         D:\Projects\renderdoc\x64\Development\obj\qrenderdic\PythonShell.obj
         D:\Projects\renderdoc\x64\Development\obj\qrenderdic\PixelHistoryView.obj
         D:\Projects\renderdoc\x64\Development\obj\qrenderdic\PerformanceCounterViewer.obj
         D:\Projects\renderdoc\x64\Development\obj\qrenderdic\StatisticsViewer.obj
         D:\Projects\renderdoc\x64\Development\obj\qrenderdic\TimelineBar.obj
         D:\Projects\renderdoc\x64\Development\obj\qrenderdic\TextureViewer.obj
         D:\Projects\renderdoc\x64\Development\obj\qrenderdic\ToolWindowManager.obj
         D:\Projects\renderdoc\x64\Development\obj\qrenderdic\ToolWindowManagerArea.obj
         D:\Projects\renderdoc\x64\Development\obj\qrenderdic\ToolWindowManagerSplitter.obj
         D:\Projects\renderdoc\x64\Development\obj\qrenderdic\ToolWindowManagerTabBar.obj
         D:\Projects\renderdoc\x64\Development\obj\qrenderdic\ToolWindowManagerWrapper.obj
         D:\Projects\renderdoc\x64\Development\obj\qrenderdic\qrenderdoc.obj
         D:\Projects\renderdoc\x64\Development\renderdic.lib
         D:\Projects\renderdoc\x64\Development\obj\version\version.obj
           正在创建库 D:\Projects\renderdoc\x64\Development\\qrenderdic.lib 和对象 D:\Projects\renderdoc\x64\Development\\qrenderdic.exp
         qrenderdoc_local.vcxproj -> D:\Projects\renderdoc\x64\Development\qrenderdic.exe
       _CopyOutOfDateSourceItemsToOutputDirectory:
       正在跳过目标“_CopyOutOfDateSourceItemsToOutputDirectory”，因为所有输出文件相对于输入文件而言都是最新的。
       _CopyOutOfDateSourceItemsToOutputDirectoryAlways:
         正在将文件从“D:\Projects\renderdoc\qrenderdoc\3rdparty\python\python36.zip”复制到“D:\Projects\renderdoc\x64\Development\python36.zip”。
         正在将文件从“D:\Projects\renderdoc\qrenderdoc\3rdparty\python\x64\_ctypes.pyd”复制到“D:\Projects\renderdoc\x64\Development\_ctypes.pyd”。
         正在将文件从“D:\Projects\renderdoc\qrenderdoc\3rdparty\python\x64\python36.dll”复制到“D:\Projects\renderdoc\x64\Development\python36.dll”。
         正在将文件从“D:\Projects\renderdoc\qrenderdoc\3rdparty\qt\x64\plugins\platforms\qwindows.dll”复制到“D:\Projects\renderdoc\x64\Development\qtplugins\platforms\qwindows.dll”。
         正在将文件从“D:\Projects\renderdoc\qrenderdoc\3rdparty\qt\x64\plugins\imageformats\qsvg.dll”复制到“D:\Projects\renderdoc\x64\Development\qtplugins\imageformats\qsvg.dll”。
         正在将文件从“D:\Projects\renderdoc\qrenderdoc\3rdparty\qt\x64\bin\Qt5Core.dll”复制到“D:\Projects\renderdoc\x64\Development\Qt5Core.dll”。
         正在将文件从“D:\Projects\renderdoc\qrenderdoc\3rdparty\qt\x64\bin\Qt5Gui.dll”复制到“D:\Projects\renderdoc\x64\Development\Qt5Gui.dll”。
         正在将文件从“D:\Projects\renderdoc\qrenderdoc\3rdparty\qt\x64\bin\Qt5Widgets.dll”复制到“D:\Projects\renderdoc\x64\Development\Qt5Widgets.dll”。
         正在将文件从“D:\Projects\renderdoc\qrenderdoc\3rdparty\qt\x64\bin\Qt5Svg.dll”复制到“D:\Projects\renderdoc\x64\Development\Qt5Svg.dll”。
         正在将文件从“D:\Projects\renderdoc\qrenderdoc\3rdparty\qt\x64\bin\Qt5Network.dll”复制到“D:\Projects\renderdoc\x64\Development\Qt5Network.dll”。
       FinalizeBuildStatus:
         正在删除文件“D:\Projects\renderdoc\x64\Development\obj\qrenderdic\qrenderdic.tlog\unsuccessfulbuild”。
         正在对“D:\Projects\renderdoc\x64\Development\obj\qrenderdic\qrenderdic.tlog\qrenderdic.lastbuildstate”执行 Touch 任务。
       PythonNotOverridden:
         Built against default bundled python
    18>已完成生成项目“D:\Projects\renderdoc\qrenderdoc\qrenderdoc_local.vcxproj”(Rebuild 个目标)的操作。
     1>已完成生成项目“D:\Projects\renderdoc\renderdoc.sln”(Rebuild 个目标)的操作。

已成功生成。
    0 个警告
    0 个错误

已用时间 00:02:20.74
